財產號碼,購買日期,財產名稱,使用年限,規格,型號,單價,保管單位,存放地點,保管人,備註,廠商名稱,狀態,採購單號,經費類別,經費來源,會計科目,傳票號碼,傳票日期,廠牌,型號
820091001,830621,數位鋼琴,12,"CLP-122 廠牌:功學社,附耳機 CLP-65",台,"53,922",學生事務處課外活動指導組,H11400,王棋慧,"（-31,-50）",功學社,正常,0,,,機械儀器及設備,31021210102,1021210,*,*
820091002,830621,數位鋼琴,12,"CLP-122 廠牌:功學社,附耳機 CLP-65",台,"53,922",學生事務處課外活動指導組,K12102,王棋慧,"（-31,-50）",功學社,正常,0,,,機械儀器及設備,31021210102,1021210,*,*
820091003,830621,數位鋼琴,12,"CLP-122 廠牌:功學社,附耳機 CLP-65",台,"53,922",學生事務處課外活動指導組,H11400,王棋慧,"（-31,-50）",功學社,正常,0,,,機械儀器及設備,31021210102,1021210,*,*
820091005,830621,數位鋼琴,12,"CLP-122 廠牌:功學社,附耳機 CLP-65",台,"53,922",學生事務處課外活動指導組,H11400,王棋慧,"（-31,-50）",功學社,正常,0,,,機械儀器及設備,31021210102,1021210,*,*
820091006,830621,數位鋼琴,12,"CLP-122 廠牌:功學社,附耳機 CLP-65",台,"53,922",學生事務處課外活動指導組,H11400,王棋慧,"（-31,-50）",功學社,正常,0,,,機械儀器及設備,31021210102,1021210,*,*
820091007,830621,數位鋼琴,12,"CLP-122 廠牌:功學社,附耳機 CLP-65",台,"53,922",學生事務處課外活動指導組,H11400,王棋慧,"（-31,-50）",功學社,正常,0,,,機械儀器及設備,31021210102,1021210,*,*
820091009,830621,數位鋼琴,12,"CLP-122 廠牌:功學社,附耳機 CLP-65",台,"53,922",學生事務處課外活動指導組,H11400,王棋慧,"（-31,-50）",功學社,正常,0,,,機械儀器及設備,31021210102,1021210,*,*
820091011,830621,數位鋼琴,12,"CLP-122 廠牌:功學社,附耳機 CLP-65",台,"53,922",學生事務處課外活動指導組,H11400,王棋慧,"（-31,-50）",功學社,正常,0,,,機械儀器及設備,31021210102,1021210,*,*
820091012,830621,數位鋼琴,12,"CLP-122 廠牌:功學社,附耳機 CLP-65",台,"53,922",學生事務處課外活動指導組,H11400,王棋慧,"（-31,-50）",功學社,正常,0,,,機械儀器及設備,31021210102,1021210,*,*
890507001,891031,產品冷凍架,5,85*52*168附24兩不沾土司模,座,"17,750",學生事務處課外活動指導組,H11000,王棋慧,,東昇,正常,0,,,機械儀器及設備,31021210102,1021210,*,*
900240000,900619,"定音鼓26""",5,tp-6126,座,"93,750",學生事務處課外活動指導組,H10901,王棋慧,,功學社,正常,0,,,機械儀器及設備,31021210102,1021210,*,*
900241000,900619,"定音鼓29""",5,tp-6219,座,"100,000",學生事務處課外活動指導組,H10901,王棋慧,,功學社,正常,0,,,機械儀器及設備,31021210102,1021210,*,*
900242000,900619,"定音鼓32""",5,TP-6132,座,"106,250",學生事務處課外活動指導組,H10901,王棋慧,,功學社,正常,0,,,機械儀器及設備,31021210102,1021210,*,*
940149000,941125,揚琴,5,北京402型.銀弦.附木架,台,"28,000",學生事務處課外活動指導組,H10901,王棋慧,,唐克,正常,0,,,機械儀器及設備,31021210102,1021210,*,*
940150000,941125,手提琴,5,103型 4/4.附弓及袋,台,"18,000",學生事務處課外活動指導組,H10901,王棋慧,,唐克,正常,0,,,機械儀器及設備,31021210102,1021210,*,*
940151000,941125,柳琴,5,黑牛角軫.紅木背板,台,"12,000",學生事務處課外活動指導組,H10901,王棋慧,,唐克,正常,0,,,機械儀器及設備,31021210102,1021210,*,*
940174000,941229,中阮,5,紅木.機械軸.鋼品 ,只,"11,000",學生事務處課外活動指導組,H10901,王棋慧,,唐克,正常,0,,,機械儀器及設備,31021210102,1021210,*,*
950127001,951020,辦公桌,5,*,張,"1,600",學生事務處課外活動指導組,H10100,王棋慧,,一菱,正常,0,,,其他設備,31021210102,1021210,*,*
950127002,951020,辦公桌,5,*,張,"1,600",學生事務處課外活動指導組,H10400,王棋慧,,一菱,正常,0,,,其他設備,31021210102,1021210,*,*
950127003,951020,辦公桌,5,*,張,"1,600",學生事務處課外活動指導組,H10400,王棋慧,,一菱,正常,0,,,其他設備,31021210102,1021210,*,*
950127004,951020,辦公桌,5,*,張,"1,600",學生事務處課外活動指導組,H10400,王棋慧,,一菱,正常,0,,,其他設備,31021210102,1021210,*,*
950127005,951020,辦公桌,5,*,張,"1,600",學生事務處課外活動指導組,H10400,王棋慧,,一菱,正常,0,,,其他設備,31021210102,1021210,*,*
950127006,951020,辦公桌,5,*,張,"1,600",學生事務處課外活動指導組,H10100,王棋慧,,一菱,正常,0,,,其他設備,31021210102,1021210,*,*
950127007,951020,辦公桌,5,*,張,"1,600",學生事務處課外活動指導組,H10100,王棋慧,,一菱,正常,0,,,其他設備,31021210102,1021210,*,*
950127008,951020,辦公桌,5,*,張,"1,600",學生事務處課外活動指導組,H10400,王棋慧,,一菱,正常,0,,,其他設備,31021210102,1021210,*,*
950127009,951020,辦公桌,5,*,張,"1,600",學生事務處課外活動指導組,H10400,王棋慧,,一菱,正常,0,,,其他設備,31021210102,1021210,*,*
950127010,951020,辦公桌,5,*,張,"1,600",學生事務處課外活動指導組,H10400,王棋慧,,一菱,正常,0,,,其他設備,31021210102,1021210,*,*
950127011,951020,辦公桌,5,*,張,"1,600",學生事務處課外活動指導組,H10100,王棋慧,,一菱,正常,0,,,其他設備,31021210102,1021210,*,*
950127012,951020,辦公桌,5,*,張,"1,600",學生事務處課外活動指導組,H10100,王棋慧,,一菱,正常,0,,,其他設備,31021210102,1021210,*,*
950127013,951020,辦公桌,5,*,張,"1,600",學生事務處課外活動指導組,H10100,王棋慧,,一菱,正常,0,,,其他設備,31021210102,1021210,*,*
950127014,951020,辦公桌,5,*,張,"1,600",學生事務處課外活動指導組,H10100,王棋慧,,一菱,正常,0,,,其他設備,31021210102,1021210,*,*
950127015,951020,辦公桌,5,*,張,"1,600",學生事務處課外活動指導組,H10100,王棋慧,,一菱,正常,0,,,其他設備,31021210102,1021210,*,*
970143001,970821,立式鋼琴,5,TONCAT 90 NA 37鍵,台,"28,800",學生事務處課外活動指導組,H10901,王棋慧,97年度教育部整體發展獎補助經費,唐克樂器股份有限公司,正常,0,,,其他設備,31021210102,1021210,*,*
970148001,970818,木偶,5,25-30吋,個,"12,000",學生事務處課外活動指導組,PRH1,王棋慧,97年度教育部整體發展獎補助經費,壬美實業行,正常,0,,,其他設備,31021210102,1021210,*,*
970148002,970818,木偶,5,25-30吋,個,"12,000",學生事務處課外活動指導組,PRH1,王棋慧,97年度教育部整體發展獎補助經費,壬美實業行,正常,0,,,其他設備,31021210102,1021210,*,*
970154000,970925,活動式舞台,5,含階梯2座與裙佈幕,式,"88,000",學生事務處課外活動指導組,H11900,王棋慧,97年度教育部整體發展經費獎補助款經費,洪橋企業有限公司,正常,0,,,其他設備,31021210102,1021210,*,*
970395001,970925,諮商桌椅-桌子,5,75*120,台,"2,625",學生事務處課外活動指導組,H10100,王棋慧,97年度教育部發展學校重點特色專案計畫補助,一菱企業有限公司,正常,0,,,其他設備,31021210102,1021210,*,*
970395002,970925,諮商桌椅-桌子,5,75*120,台,"2,625",學生事務處課外活動指導組,H10200,王棋慧,97年度教育部發展學校重點特色專案計畫補助,一菱企業有限公司,正常,0,,,其他設備,31021210102,1021210,*,*
970395003,970925,諮商桌椅-桌子,5,75*120,台,"2,625",學生事務處課外活動指導組,H10200,王棋慧,97年度教育部發展學校重點特色專案計畫補助,一菱企業有限公司,正常,0,,,其他設備,31021210102,1021210,*,*
970545000,971112,社團文物館展示櫃,5,400D*8400L*2400H,架,"147,000",學生事務處課外活動指導組,PRH1,王棋慧,97學年度校內經費,萬能工程有限公司,正常,採字970000451,校內單位,學生事務處,其他設備,30971112038,971112,*,*
980128000,980826,薩克斯風,6,AEOLUS AS75R,台,"25,300",學生事務處課外活動指導組,K12101,王棋慧,,博弘股份有限公司台中六么分公司,正常,採字980000363,校內單位,學生事務處,其他設備,30980831048,980831,AEOLUS,AS75R
980137000,981026,小喇叭,5,JUPITER JTR-600ML,支,"15,000",學生事務處課外活動指導組,H30100,王棋慧,,博弘股份有限公司台中六么分公司,正常,採字980000751,校內單位,學生事務處,其他設備,30981030190,981030,JUPITER,JTR-600ML
980138000,981026,長號,5,JUPITER JSL-636L,支,"33,000",學生事務處課外活動指導組,H30100,王棋慧,,博弘股份有限公司台中六么分公司,正常,採字980000751,校內單位,學生事務處,其他設備,30981030190,981030,JUPITER,JSL-636L
980153000,980826,長笛,6,AEOLUS A88E,台,"12,800",學生事務處課外活動指導組,H30100,王棋慧,,博弘股份有限公司台中六么分公司,正常,採字980000363,校內單位,學生事務處,其他設備,30980831048,980831,AEOLUS,A88E
980154000,980826,豎笛,6,AEOLUS CL-2005,台,"20,300",學生事務處課外活動指導組,K12101,王棋慧,,博弘股份有限公司台中六么分公司,正常,採字980000363,校內單位,學生事務處,其他設備,30980831048,980831,AEOLUS,CL-2005
980177003,980915,硬碟式攝影機-三腳架,8,線控三腳架,架,"1,200",學生事務處課外活動指導組,H10502,王棋慧,,慶銘資訊有限公司,正常,採字980000012,校內單位,學生事務處,機械儀器及設備,30980916057,980916,Sony,VCT-60AV
980413001,981022,分離式冷氣乙台,10,壁掛變頻6300Kcal 及遷移裝配,台,"30,000",學生事務處課外活動指導組,H10100,王棋慧,,泰宇電業行,正常,採字980000153,校內單位,學生事務處,其他設備,30981023082,981023,*,*
980413002,981022,分離式冷氣乙台,10,壁掛變頻6300Kcal 及遷移裝配,台,"30,000",學生事務處課外活動指導組,H10100,王棋慧,,泰宇電業行,正常,採字980000153,校內單位,學生事務處,其他設備,30981023082,981023,*,*
980465000,981106,2號保險金庫,6,91*70*157cm,座,"54,000",學生事務處課外活動指導組,H10400,王棋慧,,凡格企業股份有限公司,正常,採字980000822,校內單位,文化設計與行銷系,其他設備,30981109001,981109,*,TA-602
980729000,980908,喇叭,5,6.5吋低音，二音路喇叭,組,"13,500",學生事務處課外活動指導組,H10502,王棋慧,,環恩科技事業有限公司,正常,採字970001393,專案,98年度弘光科技大學學習輔導與職涯規劃環境建置計畫-創新教學資源建置計畫,機械儀器及設備,30980910033,980910,mark-lin,NS10-W
980745001,981022,冷氣,10,"1對2分離式,RAM50JV含電動排水器,施工配電",台,"22,200",學生事務處課外活動指導組,H10502,王棋慧,,泰宇電業行,正常,採字970001266,專案,98年度弘光科技大學學習輔導與職涯規劃環境建置計畫-創新教學資源建置計畫,機械儀器及設備,30981023081,981023,日立,*
980745002,981022,冷氣,10,"1對2分離式,RAM50JV含電動排水器,施工配電",台,"22,200",學生事務處課外活動指導組,H10502,王棋慧,,泰宇電業行,正常,採字970001266,專案,98年度弘光科技大學學習輔導與職涯規劃環境建置計畫-創新教學資源建置計畫,機械儀器及設備,30981023081,981023,日立,*
980745003,981022,冷氣,10,"1對2分離式,RAM50JV含電動排水器,施工配電",台,"22,200",學生事務處課外活動指導組,H10502,王棋慧,冷氣-主機,泰宇電業行,正常,採字970001266,專案,98年度弘光科技大學學習輔導與職涯規劃環境建置計畫-創新教學資源建置計畫,機械儀器及設備,30981023081,981023,日立,*
981401003,981022,團體諮詢桌椅-椅子,5,椅子,張,800,學生事務處課外活動指導組,H10502,王棋慧,使用者:陳俐曲,東穎辦公家具有限公司,正常,採字980000596,專案,98年度弘光科技大學學習輔導與職涯規劃環境建置計畫-創新教學資源建置計畫,其他設備,30981023080,981023,*,*
981401008,981022,團體諮詢桌椅-椅子,5,椅子,張,800,學生事務處課外活動指導組,H10502,王棋慧,,東穎辦公家具有限公司,正常,採字980000596,專案,98年度弘光科技大學學習輔導與職涯規劃環境建置計畫-創新教學資源建置計畫,其他設備,30981023080,981023,*,*
981766000,990319,分離式冷氣,10,3600Kcal/h、尺寸:寬810mm*高685mm*深300mm,台,"40,000",學生事務處課外活動指導組,H10100,王棋慧,,泰宇電業行,正常,採字980001144,校內單位,學生事務處,其他設備,30990322106,990322,日立,RAC36JU
981767000,990319,分離式冷氣,10,6300Kcal/h、尺寸:寬880mm*高790mm*深315mm,台,"57,500",學生事務處課外活動指導組,H10100,王棋慧,,泰宇電業行,正常,採字980001144,校內單位,學生事務處,其他設備,30990322106,990322,日立,RAC63JU
981998001,990729,文物館展示櫃,5,W420*H240*D60,座,"105,000",學生事務處課外活動指導組,PRH1,王棋慧,,欣阜有限公司,正常,採字980001456,專案,弘光科技大學「學習輔導」與「職涯規劃」環境建置計畫-分項計畫(一)-修課導航系統建置計畫,其他設備,30990730342,990730,欣阜有限公司,訂製品
981998002,990729,文物館展示櫃,5,W420*H240*D60,座,"105,000",學生事務處課外活動指導組,PRH1,王棋慧,,欣阜有限公司,正常,採字980001456,專案,弘光科技大學「學習輔導」與「職涯規劃」環境建置計畫-分項計畫(一)-修課導航系統建置計畫,其他設備,30990730342,990730,欣阜有限公司,訂製品
990002000,990615,電子琴,5,30內建樂曲+5組自建樂曲+70on CD-ROM、504面板音色、61標準鍵(C1-C6)具處建感應,個,"11,500",學生事務處課外活動指導組,O42100,王棋慧,,全方位樂器有限公司,正常,採字990000053,校內單位,學生事務處,其他設備,30990621105,990621,YAMAHA,PSR-e403
990003000,990615,柳葉琴,3,1. 紅木背板、刻詩  2. 黑牛角軫  3. 鋼品  4. 附輕體盒 ,組,"14,500",學生事務處課外活動指導組,H10901,王棋慧,,唐克樂器股份有限公司,正常,採字990000143,校內單位,學生事務處,其他設備,30990622095,990622,韻牌,T653M
990059000,990812,薩克斯風,6,1.中音、2.管身金黃色烤漆、3.材質為青銅、4.貝殼珍珠按鍵,個,"30,000",學生事務處課外活動指導組,H30100,王棋慧,,力揚樂器社,正常,採字990000161,校內單位,學生事務處,其他設備,30990817035,990817,PHANTASMA ,AJC-525
990060000,990812,豎笛,6,"B調、管徑厚度:0.40mm(0.16"") 、吹口管:銀合金",個,"15,000",學生事務處課外活動指導組,H30100,王棋慧,,力揚樂器社,正常,採字990000161,校內單位,學生事務處,其他設備,30990817035,990817,JUPITER ,FANCY II
990125000,991004,冷氣,10,日立水冷式箱型機15RT (含水塔、        ),組,"150,000",學生事務處課外活動指導組,H10800,王棋慧,,泰宇電業行,正常,採字990000078,校內單位,學生事務處,其他設備,30991006124,991006,日立,RP-155W
990251000,991008,攪拌機,9, 3/4馬力 56*50*82CM,組,"28,000",學生事務處課外活動指導組,H11000,王棋慧,,芳成工業股份有限公司,正常,採字990000433,校內單位,學生事務處,其他設備,30991012048,991012,芳成,TS-201
990252000,991008,烘培烤箱,5,1.溫度範圍：5℃~250℃、2.具超高溫保護裝置、3.雙層雙盤、4.烘培適用烤盤約46*66CM,組,"64,000",學生事務處課外活動指導組,H11000,王棋慧,,芳成工業股份有限公司,正常,採字990000433,校內單位,學生事務處,其他設備,30991012048,991012,芳成,訂製品
990738002,1000706,大型討論桌,5,組合式90*90cm 黑白兩色+霧鋁腳、組合式150*60cm黑灰兩色+霧鋁腳、組合式90*60cm白灰兩色+霧鋁腳,式,"30,000",學生事務處課外活動指導組,H11600,王棋慧,,千高台視覺設計有限公司,正常,採字990001080,專案,(100年度)弘光100-101年度教學卓越計畫,其他設備,31000707152,1000707,千高台視覺設計有限公司,訂製品
990738003,1000706,大型討論桌,5,組合式90*90cm 黑白兩色+霧鋁腳、組合式150*60cm黑灰兩色+霧鋁腳、組合式90*60cm白灰兩色+霧鋁腳,式,"30,000",學生事務處課外活動指導組,H11600,王棋慧,,千高台視覺設計有限公司,正常,採字990001080,專案,(100年度)弘光100-101年度教學卓越計畫,其他設備,31000707152,1000707,千高台視覺設計有限公司,訂製品
990816000,1000729,天花板工程,5,天花板油漆與燈管更換,式,"30,000",學生事務處課外活動指導組,H11600,王棋慧,,千高台視覺設計有限公司,正常,採字990001079,專案,(100年度)弘光100-101年度教學卓越計畫,其他設備,31000730006,1000730,千高台視覺設計有限公司,天花板工程
990817000,1000729,地板工程,5,墊高地板與鋪設超耐磨地板 ,式,"70,000",學生事務處課外活動指導組,H11600,王棋慧,,千高台視覺設計有限公司,正常,採字990001079,專案,(100年度)弘光100-101年度教學卓越計畫,其他設備,31000730006,1000730,千高台視覺設計有限公司,地板工程
990818001,1000729,木製置物櫃,5,墊高地板下抽屜櫃與壁面懸吊式系統櫃,組,"25,000",學生事務處課外活動指導組,H11600,王棋慧,,千高台視覺設計有限公司,正常,採字990001079,專案,(100年度)弘光100-101年度教學卓越計畫,其他設備,31000730006,1000730,千高台視覺設計有限公司,木製置物櫃
990818002,1000729,木製置物櫃,5, 墊高地板下抽屜櫃與壁面懸吊式系統櫃,組,"25,000",學生事務處課外活動指導組,H11600,王棋慧,,千高台視覺設計有限公司,正常,採字990001079,專案,(100年度)弘光100-101年度教學卓越計畫,其他設備,31000730006,1000730,千高台視覺設計有限公司,木製置物櫃
990818003,1000729,木製置物櫃,5, 墊高地板下抽屜櫃與壁面懸吊式系統櫃,組,"25,000",學生事務處課外活動指導組,H11600,王棋慧,,千高台視覺設計有限公司,正常,採字990001079,專案,(100年度)弘光100-101年度教學卓越計畫,其他設備,31000730006,1000730,千高台視覺設計有限公司,木製置物櫃
990818004,1000729,木製置物櫃,5, 墊高地板下抽屜櫃與壁面懸吊式系統櫃,組,"25,000",學生事務處課外活動指導組,H11600,王棋慧,,千高台視覺設計有限公司,正常,採字990001079,專案,(100年度)弘光100-101年度教學卓越計畫,其他設備,31000730006,1000730,千高台視覺設計有限公司,木製置物櫃
990908000,1001017,冷氣,10,"1對1變頻分離式、RAS/C-56LN,5600Kcal/h",臺,"54,500",學生事務處課外活動指導組,H11600,王棋慧,,泰宇電業行,正常,採字990001344,專案,(100年度)弘光100-101年度教學卓越計畫,機械儀器及設備,31001018042,1001018,日立,"RAS/C-56LN,5600Kcal/h"
1000344000,1010418,冷氣,10,日立1對1變頻分離式、4500kcal/h、R410A環保冷媒,臺,"50,000",學生事務處課外活動指導組,H10600,王棋慧,,泰宇電業行,正常,採字1000000591,專案,(101年度)弘光100-101年度教學卓越計畫,機械儀器及設備,31010419004,1010419,日立,日立1對1變頻分離式、4500kcal/h、R410A環保冷媒
1000361001,1010504,木製置物櫃,5,組合式(每組含可重組置物底座40*35*10cm 三個.可重組置物層板240*35*3.5cm三個.可重組置物口型框40*40*35cm八個,組,"50,000",學生事務處課外活動指導組,H10600,王棋慧,,千高台視覺設計有限公司,正常,採字1000000622,專案,(101年度)弘光100-101年度教學卓越計畫,機械儀器及設備,31010507179,1010507,千高台視覺設計有限公司,木製置物櫃
1000361002,1010504,木製置物櫃,5,組合式(每組含可重組置物底座40*35*10cm 三個.可重組置物層板240*35*3.5cm三個.可重組置物口型框40*40*35cm八個,組,"50,000",學生事務處課外活動指導組,H10600,王棋慧,,千高台視覺設計有限公司,正常,採字1000000622,專案,(101年度)弘光100-101年度教學卓越計畫,機械儀器及設備,31010507179,1010507,千高台視覺設計有限公司,木製置物櫃
1000361003,1010504,木製置物櫃,5,組合式(每組含可重組置物底座40*35*10cm 三個.可重組置物層板240*35*3.5cm三個.可重組置物口型框40*40*35cm八個,組,"50,000",學生事務處課外活動指導組,H10600,王棋慧,,千高台視覺設計有限公司,正常,採字1000000622,專案,(101年度)弘光100-101年度教學卓越計畫,機械儀器及設備,31010507179,1010507,千高台視覺設計有限公司,木製置物櫃
1000361004,1010504,木製置物櫃,5,組合式(每組含可重組置物底座40*35*10cm 三個.可重組置物層板240*35*3.5cm三個.可重組置物口型框40*40*35cm八個,組,"50,000",學生事務處課外活動指導組,H10600,王棋慧,,千高台視覺設計有限公司,正常,採字1000000622,專案,(101年度)弘光100-101年度教學卓越計畫,機械儀器及設備,31010507179,1010507,千高台視覺設計有限公司,木製置物櫃
1000361005,1010504,木製置物櫃,5,組合式(每組含可重組置物底座40*35*10cm 三個.可重組置物層板240*35*3.5cm三個.可重組置物口型框40*40*35cm八個,組,"50,000",學生事務處課外活動指導組,H10600,王棋慧,,千高台視覺設計有限公司,正常,採字1000000622,專案,(101年度)弘光100-101年度教學卓越計畫,機械儀器及設備,31010507179,1010507,千高台視覺設計有限公司,木製置物櫃
1000361006,1010504,木製置物櫃,5,組合式(每組含可重組置物底座40*35*10cm 三個.可重組置物層板240*35*3.5cm三個.可重組置物口型框40*40*35cm八個,組,"50,000",學生事務處課外活動指導組,H10600,王棋慧,,千高台視覺設計有限公司,正常,採字1000000622,專案,(101年度)弘光100-101年度教學卓越計畫,機械儀器及設備,31010507179,1010507,千高台視覺設計有限公司,木製置物櫃
1000362000,1010504,大型討論桌,5,3.6夾板貼實木皮(栓木)測露夾板上透明漆+圓形霧鋁腳.80*180CM三張 .  160*80cm三張,式,"30,000",學生事務處課外活動指導組,H10600,王棋慧,,千高台視覺設計有限公司,正常,採字1000000622,專案,(101年度)弘光100-101年度教學卓越計畫,機械儀器及設備,31010507179,1010507,千高台視覺設計有限公司,大型討論桌
1009025007,1001004,電腦-螢幕,4,最高解析度1440*900、對比10000:1、19吋,台,"3,200",學生事務處課外活動指導組,H10400,王棋慧,,慶銘資訊有限公司,正常,採字1000000052,校內單位,圖書資訊處,機械儀器及設備,31001005210,1001005,Acer,V193W
1010006000,1010618,小號,5,"銅製、口徑4.8""、管徑0.45""",臺,"12,000",學生事務處課外活動指導組,H30100,王棋慧,,全方位樂器有限公司,正常,採字1010000029,校內單位,學生事務處,其他設備,31010619056,1010619,JUPITER,JTR-606MRL
1010007000,1010618,法國號,5,調性:F/Bb、管徑:12mm、可拆式喇叭口,臺,"51,000",學生事務處課外活動指導組,K12101,王棋慧,,全方位樂器有限公司,正常,採字1010000029,校內單位,學生事務處,其他設備,31010619056,1010619,JUPITER,JHR-854L
1010009000,1010718,吉他,6,標準41吋D型琴、桃花木製、可調音,把,"24,000",學生事務處課外活動指導組,O22400,王棋慧,,名伶樂器有限公司,正常,採字1010000065,校內單位,學生事務處,其他設備,31010719033,1010719,自製,桃木吉他
1010046001,1010813,鼓,5,"70*70*65cm、附腳架,滑輪、鼓面牛皮製 ",個,"20,000",學生事務處課外活動指導組,H10600,王棋慧,,高雄兩廣國際有限公司,正常,採字1010000149,校內單位,學生事務處,機械儀器及設備,31010814026,1010814,高雄兩廣國際有限公司,牛皮鼓面
1010046002,1010813,鼓,5,"70*70*65cm、附腳架,滑輪、鼓面牛皮製 ",個,"20,000",學生事務處課外活動指導組,H10600,王棋慧,,高雄兩廣國際有限公司,正常,採字1010000149,校內單位,學生事務處,機械儀器及設備,31010814026,1010814,高雄兩廣國際有限公司,牛皮鼓面
1010047001,1010813,獅頭套組,5,"鶴山獅頭、含金裝獅背,獅褲、80*65*60cm ",組,"25,000",學生事務處課外活動指導組,H10600,王棋慧,,高雄兩廣國際有限公司,正常,採字1010000149,校內單位,學生事務處,機械儀器及設備,31010814026,1010814,高雄兩廣國際有限公司,鶴山獅頭組
1010047002,1010813,獅頭套組,5,"鶴山獅頭、含金裝獅背,獅褲、80*65*60cm ",組,"25,000",學生事務處課外活動指導組,H10600,王棋慧,,高雄兩廣國際有限公司,正常,採字1010000149,校內單位,學生事務處,機械儀器及設備,31010814026,1010814,高雄兩廣國際有限公司,鶴山獅頭組
1010143000,1011012,攝影機,5,1.1仟4佰萬像素 2.可交換鏡頭式+E 18-200mm 3.影片壓縮格式：MPEG-4 AVC,台,"66,960",學生事務處課外活動指導組,H10100,王棋慧,,雅士照相器材行,正常,採字1010000135,校內單位,學生事務處,機械儀器及設備,31011012040,1011012,SONY,NEX-VG20H
1010153000,1011005,冷氣,10,"1對1變頻分離式，9000Kcal/h,R410A環保冷媒",臺,"50,000",學生事務處課外活動指導組,H10600,王棋慧,,永鑫空調有限公司,正常,採字1010000164,校內單位,學生事務處,其他設備,31011005124,1011005,日立,RAC/RAS-90JB
1010466000,1020624,社團空間改造,5,1.投影機、2.電動布幕(120吋)、3.影音設備(擴大機)、4.無線麥克風、5.機櫃,組,"31,000",學生事務處課外活動指導組,H10600,王棋慧,,葉興資訊有限公司,正常,採字1010000708,專案,(102年度)102-103年度教學卓越計畫,機械儀器及設備,31020625080,1020625,投影機 EPSON EB-925、多媒體擴大機YD-555、120吋電動銀幕等等, EPSON EB-925
1010468000,1020626,社團空間改造,5,軌道可折式-鏡面,式,"109,000",學生事務處課外活動指導組,H10600,王棋慧,,玖昌股份有限公司,正常,採字1010000709,專案,(102年度)102-103年度教學卓越計畫,機械儀器及設備,31020627035,1020627,玖昌,W600*H240cm*6
1020007000,1020625,琵琶,5,1.紅木製、2.沙酮或梧桐面板、3.銀弦或金屬弦,把,"27,000",學生事務處課外活動指導組,H10901,王棋慧,,全方位樂器有限公司,正常,採字1020000069,校內單位,學生事務處,其他設備,31020626052,1020626,虎丘,012202-3B
1020008000,1020625,大提琴,6,1.實木製、2.金屬或烏木弦、3.附琴袋、琴弓可微調,把,"24,500",學生事務處課外活動指導組,H10901,王棋慧,,全方位樂器有限公司,正常,採字1020000069,校內單位,學生事務處,其他設備,31020626052,1020626,SANDER,TC12 4/4
1020009000,1020625,揚琴,5,1.紅木製、2.402型、3.銀弦或金屬弦,臺,"22,500",學生事務處課外活動指導組,H10901,王棋慧,,全方位樂器有限公司,正常,採字1020000069,校內單位,學生事務處,其他設備,31020626052,1020626,虎丘,014404N
1020010000,1020625,36簧笙,6,1.36簧、2.高音、3.銅管,支,"83,500",學生事務處課外活動指導組,H10901,王棋慧,,全方位樂器有限公司,正常,採字1020000069,校內單位,學生事務處,其他設備,31020626052,1020626,虎丘,015705-1C
1020011000,1020625,長笛,6,1.調性C、2.開孔式鍍銀、3.附原廠提袋,支,"22,500",學生事務處課外活動指導組,H30100,王棋慧,,全方位樂器有限公司,正常,採字1020000069,校內單位,學生事務處,其他設備,31020626052,1020626,YAMAHA,YEL-271
1020012000,1020625,八里東,5,1.調性Bb、2.表面鍍銀、3.管徑12.8-13.5mm,支,"65,000",學生事務處課外活動指導組,H30100,王棋慧,,全方位樂器有限公司,正常,採字1020000069,校內單位,學生事務處,其他設備,31020626052,1020626,YAMAHA,YEP-321S
1020019000,1020712,投打練習網,5,1.200cm*200cm、2.專用彈力繩扣、3.伸縮調整固定扣,組,"10,500",學生事務處課外活動指導組,O12400,王棋慧,,國際露營體育用品社,正常,採字1020000066,校內單位,學生事務處,其他設備,31020731143,1020731,國際露營體育用品社,訂製品
1020020000,1020712,捕手裝備組,5,1.護膝 / 護胸、2.頭盔、3.面罩,組,"10,618",學生事務處課外活動指導組,O12400,王棋慧,,國際露營體育用品社,正常,採字1020000066,校內單位,學生事務處,其他設備,31020731143,1020731,國際露營體育用品社,訂製品
1020040000,1020719,木偶,5,1.手工雕刻 2.可指定角色 3.10吋,支,"20,000",學生事務處課外活動指導組,PRH1,王棋慧,,見素人文事業有限公司,正常,採字1020000067,校內單位,學生事務處,其他設備,31020719084,1020719,自製,10吋木偶
1020140000,1021021,中阮,5,1.梁浩製、2.紅木邊板、沙桐面板 3.附琴盒、備弦、彈片,支,"21,000",學生事務處課外活動指導組,H10901,王棋慧,,全方位樂器有限公司,正常,採字1020000295,校內單位,學生事務處,其他設備,31021017065,1021017,梁浩製,中阮
1020141000,1021021,二胡,6,1.許佳君製、2.紫檀琴桿、琴筒 3.附琴盒、備弦、松香、微調,支,"22,800",學生事務處課外活動指導組,H10901,王棋慧,,全方位樂器有限公司,正常,採字1020000295,校內單位,學生事務處,其他設備,31021017065,1021017,許佳君製,二胡
1020142000,1021021,長號,5,1.調性：Bb、2.鎳合金 3.附盒,支,"27,400",學生事務處課外活動指導組,H30100,王棋慧,,全方位樂器有限公司,正常,採字1020000295,校內單位,學生事務處,其他設備,31021017065,1021017,JUPITER,JSL-636L
1020143000,1021021,豎笛,6,1.調性：Bb、2.黑木或黑檀木 3.附盒、竹片,支,"26,800",學生事務處課外活動指導組,K12101,王棋慧,,全方位樂器有限公司,正常,採字1020000295,校內單位,學生事務處,其他設備,31021017065,1021017,SCHREIBER,WS6025S
1020144000,1021021,長笛,6,1.閉孔式、2.鎳銀材質、表面鍍銀 3.附盒,支,"12,000",學生事務處課外活動指導組,K12101,王棋慧,,全方位樂器有限公司,正常,採字1020000295,校內單位,學生事務處,其他設備,31021017065,1021017,YAMAHA,YEL221
1030013000,1030709,捕手裝備組,5,"1.含護膝 , 護胸、2.含頭盔 , 面罩 ",組,"10,618",學生事務處課外活動指導組,O12400,王棋慧,,國際露營體育用品社,正常,採字1030000062,校內單位,學生事務處,其他設備,31030710105,1030710,SSK,護膝、護胸、頭盔、面罩
1030014002,1030709,鋁棒,5,1.鋁製球棒、2.CNT碳纖維奈米科技、3.比賽、練習用規格,支,"11,250",學生事務處課外活動指導組,O12400,王棋慧,,國際露營體育用品社,正常,採字1030000062,校內單位,學生事務處,其他設備,31030710105,1030710,EASTON,BG2
1030023001,1030724,除濕機,5,除濕能力每日14公升、含液晶面板，可設定除濕環境,臺,"13,125",學生事務處課外活動指導組,H10901,王棋慧,,新勝電器行,正常,採字1030000065,校內單位,學生事務處,其他設備,31030725003,1030725,日立,RD-280FS
1030023002,1030724,除濕機,5,除濕能力每日14公升、含液晶面板，可設定除濕環境,臺,"13,125",學生事務處課外活動指導組,H30100,王棋慧,,新勝電器行,正常,採字1030000065,校內單位,學生事務處,其他設備,31030725003,1030725,日立,RD-280FS
1030023003,1030724,除濕機,5,除濕能力每日14公升、含液晶面板，可設定除濕環境,臺,"13,125",學生事務處課外活動指導組,K12103,王棋慧,,新勝電器行,正常,採字1030000065,校內單位,學生事務處,其他設備,31030725003,1030725,日立,RD-280FS
1030024000,1030724,桁架,5,1.鋁合金材質，內徑25mm、2.口字型3M*2M、3.含底座及支撐腳架 ,組,"58,800",學生事務處課外活動指導組,H10700,王棋慧,,太陽神國際照明設備有限公司,正常,採字1030000068,校內單位,學生事務處,其他設備,31030725003,1030725,太陽神,桁架3M*2M
1030178001,1031105,龍頭鼓,5,1.尺寸70*70*73cm  2.鼓桶原木製、龍頭雕飾。 3.含鼓架、滑輪。 4.牛皮製鼓面。 ,座,"28,000",學生事務處課外活動指導組,H20101,王棋慧,,九天民俗技藝團許振榮,正常,採字1030000245,校內單位,學生事務處,其他設備,31031106114,1031106,九天民俗技藝工作室,訂製品
1030178002,1031105,龍頭鼓,5,1.尺寸70*70*73cm 2.鼓桶原木製、龍頭雕飾。 3.含鼓架、滑輪。 4.牛皮製鼓面。 ,座,"28,000",學生事務處課外活動指導組,H20101,王棋慧,,九天民俗技藝團許振榮,正常,採字1030000245,校內單位,學生事務處,其他設備,31031106114,1031106,九天民俗技藝工作室,訂製品
1030178003,1031105,龍頭鼓,5,1.尺寸70*70*73cm 2.鼓桶原木製、龍頭雕飾。 3.含鼓架、滑輪。 4.牛皮製鼓面。 ,座,"28,000",學生事務處課外活動指導組,H20101,王棋慧,,九天民俗技藝團許振榮,正常,採字1030000245,校內單位,學生事務處,其他設備,31031106114,1031106,九天民俗技藝工作室,訂製品
1030178004,1031105,龍頭鼓,5,1.尺寸70*70*73cm 2.鼓桶原木製、龍頭雕飾。 3.含鼓架、滑輪。 4.牛皮製鼓面。  ,座,"28,000",學生事務處課外活動指導組,H20101,王棋慧,,九天民俗技藝團許振榮,正常,採字1030000245,校內單位,學生事務處,其他設備,31031106114,1031106,九天民俗技藝工作室,訂製品
1030178005,1031105,龍頭鼓,5,1.尺寸70*70*73cm 2.鼓桶原木製、龍頭雕飾。 3.含鼓架、滑輪。 4.牛皮製鼓面。 ,座,"28,000",學生事務處課外活動指導組,H20101,王棋慧,,九天民俗技藝團許振榮,正常,採字1030000245,校內單位,學生事務處,其他設備,31031106114,1031106,九天民俗技藝工作室,訂製品
1039055001,1031020,電腦-螢幕,4,19吋、解析度1366*768、對比1000:1,台,"3,000",學生事務處課外活動指導組,H10400,王棋慧,學權部,葉興資訊有限公司,正常,採字1030000147,校內單位,學生事務處,其他設備,31031021105,1031021,Acer,V196HQL
1039055002,1031020,電腦-螢幕,4,19吋、解析度1366*768、對比1000:1,台,"3,000",學生事務處課外活動指導組,H10400,王棋慧,,葉興資訊有限公司,正常,採字1030000147,校內單位,學生事務處,其他設備,31031021105,1031021,Acer,V196HQL
1039055003,1031020,電腦-螢幕,4,19吋、解析度1366*768、對比1000:1,台,"3,000",學生事務處課外活動指導組,H10400,王棋慧,使用者:林泓濱 ,葉興資訊有限公司,正常,採字1030000147,校內單位,學生事務處,其他設備,31031021105,1031021,Acer,V196HQL
1040004000,1040416,膠裝機,5,1.最大尺寸200頁、2.加熱與冷卻槽各一、3. 1.5KG以內,臺,"13,000",學生事務處課外活動指導組,H10200,王棋慧,,祐誠興業有限公司,正常,採字1040000034,校內單位,學生事務處,其他設備,31040417060,1040417,BAS,T-80
1040006000,1040424,木偶,5,1.手工雕刻。2.角色-女旦。3. 24吋。,尊,"30,000",學生事務處課外活動指導組,PRH1,王棋慧,,見素人文事業有限公司,正常,採字1040000031,校內單位,學生事務處,其他設備,31040427014,1040427,見素人文,訂製品
1040007000,1040424,桁架,5,1. 鋁合金材質。2. 內徑25mm以上。3.TRUSS四角型238 300CM*4、200CM*2。4. 支撐腳架1.8M*2、3/8螺絲配件*28組。,組,"47,040",學生事務處課外活動指導組,H10700,王棋慧,,太陽神國際照明設備有限公司,正常,採字1040000032,校內單位,學生事務處,其他設備,31040427013,1040427,太陽神,訂製品
1040009000,1040427,打擊網,5,1.棒壘專用約2m*2m 2.可自動集球 3.附收納手提袋,座,"14,500",學生事務處課外活動指導組,O12400,王棋慧,,大立體育用品社林進順,正常,採字1040000042,校內單位,學生事務處,其他設備,31040428077,1040428,大立體育用品,2M*2M
1040020001,1040515,二胡,5,1.詩韻二級。2.紅木製琴桿及琴筒。3.六角形琴筒4.附琴盒。,支,"14,000",學生事務處課外活動指導組,H10901,王棋慧,,全方位樂器有限公司,正常,採字1040000039,校內單位,學生事務處,其他設備,31040518060,1040518,虎丘,311103-33B
1040020002,1040515,二胡,5,1.詩韻二級。2.紅木製琴桿及琴筒。3.六角形琴筒4.附琴盒。,支,"14,000",學生事務處課外活動指導組,H10901,王棋慧,,全方位樂器有限公司,正常,採字1040000039,校內單位,學生事務處,其他設備,31040518060,1040518,詩韻二級,311103-33B
1040020003,1040515,二胡,5,1.詩韻二級。2.紅木製琴桿及琴筒。3.六角形琴筒4.附琴盒。,支,"14,000",學生事務處課外活動指導組,H10901,王棋慧,,全方位樂器有限公司,正常,採字1040000039,校內單位,學生事務處,其他設備,31040518060,1040518,詩韻二級,311103-33B
1040020004,1040515,二胡,5,1.詩韻二級。2.紅木製琴桿及琴筒。3.六角形琴筒4.附琴盒。,支,"14,000",學生事務處課外活動指導組,H10901,王棋慧,,全方位樂器有限公司,正常,採字1040000039,校內單位,學生事務處,其他設備,31040518060,1040518,詩韻二級,311103-33B
1040021000,1040515,中胡,5,1.非機械軸 2.血檀木材質 3.附琴盒,支,"38,000",學生事務處課外活動指導組,H10901,王棋慧,,全方位樂器有限公司,正常,採字1040000039,校內單位,學生事務處,其他設備,31040518060,1040518,虎丘,311704-1
1040022000,1040515,爵士鼓,5,"1. 五件鼓組。2. 附銅鈸、小鼓架。3. 附鼓椅、鼓棒。4.鼓肚材質：白楊木及桃花心木混合。5.小鼓：14""*15""木肚。",組,"45,000",學生事務處課外活動指導組,H30100,王棋慧,,全方位樂器有限公司,正常,採字1040000039,校內單位,學生事務處,其他設備,31040518060,1040518,PEARL,EXL725P/C
1040023000,1040515,次中音薩克斯風,6,1. 調性Bb調。2. 口徑：6.10(155mm)。3. 附高音F#鍵，管身可拆卸。,支,"44,000",學生事務處課外活動指導組,H30100,王棋慧,,全方位樂器有限公司,正常,採字1040000039,校內單位,學生事務處,其他設備,31040518060,1040518,JUPITER,JTS-787GL
1040024000,1040515,低音號,5,1. 低音Bb調。2. 管徑0.709(18mm)。3. 銅合金。,支,"90,000",學生事務處課外活動指導組,H30100,王棋慧,,全方位樂器有限公司,正常,採字1040000039,校內單位,學生事務處,其他設備,31040518060,1040518,JUPITER,JCB-482L
1040098000,1040923,無線麥克風,5,1.UHF雙頻自動選訊無線麥克風抗4G干擾、2.雙頻道自動選訊、3.綠色背光的LCD顯示視窗，可以顯示群組、頻道、頻率、訊號強度、天線選訊動作、音頻輸出強度、發射器、電池容量、干擾訊號警告指示及面板鎖定或解除操作、4.具ACT功能，能自動、快速、精確的追鎖發射器頻率自動同步於工作頻道、5.搭配二支ACT手握式無線麥克風  ,組,"10,000",學生事務處課外活動指導組,H10200,王棋慧,,葉興資訊有限公司,正常,採字1040000086,校內單位,學生事務處,其他設備,31040923001,1040923,MIPRO,ACT-600
1040156000,1041016,冷藏冷凍櫃,10,1.尺寸寬121cm*高202cm*77cm 。2.具溫度顯示器 。3.溫控冷凍可達-20℃，冷藏7℃。,臺,"22,500",學生事務處課外活動指導組,H11000,王棋慧,,萬國冷凍餐飲櫥具具超市,正常,採字1040000311,校內單位,學生事務處,其他設備,31041016107,1041016,萬國,訂製品
1050014000,1050418,桁架 ,5,1.鋁合金材質 2.內徑25mm ,組,"17,640",學生事務處課外活動指導組,H10700,王棋慧,包括：鐵製底座*2片、支撐腳*2支、六面接頭*1座。 ,太陽神國際照明設備有限公司,正常,採字1050000070,校內單位,學生事務處,其他設備,31050419039,1050419,太陽神,TRUSS 底座&支撐腳
1050034001,1050503,喇叭,5,1.功率可達500W 2.內建開關式電源供應器 3.具鋁振膜壓縮驅動器,個,"15,000",學生事務處課外活動指導組,K12102,王棋慧, ,全方位樂器有限公司,正常,採字1050000066,校內單位,學生事務處,其他設備,31050504124,1050504,EUROLIVE,B215D
1050034002,1050503,喇叭,5,1.功率可達500W 2.內建開關式電源供應器 3.具鋁振膜壓縮驅動器,個,"15,000",學生事務處課外活動指導組,K12102,王棋慧, ,全方位樂器有限公司,正常,採字1050000066,校內單位,學生事務處,其他設備,31050504124,1050504,EUROLIVE,B215D
1050099000,1050726,低音豎笛,5,1.調性：低音Bb調 2.音孔：貝姆氏 3.按鍵系統：20鍵、含7閉孔指鍵 4.管體材質：ABS樹脂 5.按鍵材質：鎳銀合金（表面鍍鎳） 6.吹口：4C ,支,"77,000",學生事務處課外活動指導組,K12101,王棋慧, ,全方位樂器有限公司,正常,採字1050000066,校內單位,學生事務處,其他設備,31050727046,1050727,YAMAHA,YCL221 II
1050106000,1050728,單眼相機,5,1.具 18-135mm 變焦鏡組 2.2000 萬像素 3.支援 Full HD (1920x1080)短片格式 4.具雙像素CMOS自動對焦技術 5.支援 WiFi 功能 6.高容量鋰電池,臺,"36,000",學生事務處課外活動指導組,H10100,王棋慧, ,雅士照相器材行,正常,採字1050000128,校內單位,學生事務處,其他設備,31050729057,1050729,CANON,EOS 70D
1050108000,1050728,全景相機,5,1.支援F2.0 大光圈 2.1400萬高畫素 3.支援錄影Full HD規格(最長25分鐘或4G) 4.支援錄影直接上傳手機播放 5.靜態攝影Live View即時取景 6.手動快門最長60秒-1/6400秒 7.充飽電可拍攝260張照片 8.內建8G 記憶體 9.內建HDMI(D型),臺,"13,000",學生事務處課外活動指導組,H10100,王棋慧, ,雅士照相器材行,正常,採字1050000146,校內單位,學生事務處,其他設備,31050729057,1050729,RICOH,THETA S
1050144003,1050908,筆記型電腦,4,1.螢幕：15吋 LED 解析度 1024768 2.處理器：Intel Core i7 2.2GHz第四代製程 3.記憶體：8GB DDR3 1600MHz 4.硬碟機：500G 7200轉 5.光碟機：DVD燒錄器 6.系統支援 WIN8、WIN8.1 PRO、WIN10驅動 7.作業系統：WIN10 64Bit隨機版（合法版權） 8.1個USB 3.0，2個USB 2.0  9.1個耳機/喇叭/線路輸出，支援內崁式麥克風的耳機 10.網路攝影機：HD攝影機 11.音效：立體聲 / 耳機輸出及喇叭裝置 / 內建麥克風 12.區域網路：RJ-45 100/1000 MBps 乙太網路埠 13.無線網路：802.11 bgn 14.藍牙：bluetooth 4.0 15.電池：鋰電池 (電池使用時間4小時) 16.標準配件：電腦包、滑鼠 17.具中華民國環保標章認證,臺,"22,000",學生事務處課外活動指導組,H10400,王棋慧, ,慶銘資訊有限公司,正常,採字1050000072,校內單位,學生事務處,其他設備,31050909045,       ,Acer,Aspire E5-572G
1050145000,1050908,平板電腦,5,1.iOS 9作業系統 2.螢幕8吋以下 3.記憶體 64G 4.2048 x 1536 像素，326 ppi 解析度 5.Retina 顯示器 6.WIFI及藍芽技術,臺,"15,200",學生事務處課外活動指導組,H10100,王棋慧, ,慶銘資訊有限公司,正常,採字1050000147,校內單位,學生事務處,其他設備,31050909045,1050909,Apple,iPad mini 4
1050299000,1051213,筆記型電腦,4,1.螢幕：15.6吋 LED 解析度 1024x768 2.處理器：Intel Core i7 2.3GHz第四代製程 3.記憶體：8GB DDR3 1600MHz 4.硬碟機：500G 7200轉 5.內建光碟機：DVD燒錄器 6.系統支援 WIN8、WIN8.1 PRO或WIN7、WIN10驅動 7.作業系統：WIN10 Pro 64Bit隨機版(合法版權) 8.1個USB 3.0，2個USB 2.0 9.1個耳機/喇叭/線路輸出，支援內崁式麥克風的耳機 10.內建網路攝影機：HD攝影機 11.音效：立體聲 / 耳機輸出及喇叭裝置/內建麥克風,臺,"22,000",學生事務處課外活動指導組,H10502,王棋慧, ,慶銘資訊有限公司,正常,採字1050000533,專案,(105年度)104~106年技職院校跨校資源共享通識教育英語課程雲端學習計畫,機械儀器及設備,31051214059,1051214,acer,Aspire E 15 E5-572G-70PB
1050575002,1060814,無線麥克風,5,"1.手握式*2支 2. 接收頻道數:雙頻道. 3. 機箱規格:EIA 標準─U. 4. 接收方式:CPU 控制自動選訊接收. 5. 載波頻段:UHP 480~934MHz. 6. 接收天線:後置分離式設計. 7. 實用靈敏度:輸入 10dBμV 時,S/N>80Db 8. 綜合頻率響應:50Hz~18kHz. 9. 靜音控制模式:『音碼及雜訊鎖定』雙重靜音控制. 10. 音量輸出:各頻道具有音量控制器個別調整音量. 11. 最大輸出電壓:兩段切換:Line 及 Mic.",臺,"10,000",學生事務處課外活動指導組,H10600,王棋慧, ,環恩科技事業有限公司,正常,採字1050000808,專案,,機械儀器及設備,31060822006,1060822,MIPRO,ACT-58II
1050577000,1060814,機櫃,5,1. 尺寸：19吋、內高900x內深700x外寬600mm 2. 含前後門 3. 含散熱風扇 4. 附有門鎖 5. 側門板：可拆式設計。  6. 蓋板設計：採分段式設計，可調整線路進出位置。 7. 鋁柱處理：內鋁柱分成方孔式與鐵條式型材設計，溝槽式鋁擠型材，採陽極處理、強度高。 8. 移動與固定：設有PU活動輪，可防止滑動與走位。 9.表面烤漆塗裝及防鏽處理。,組,"10,500",學生事務處課外活動指導組,H10200,王棋慧, ,環恩科技事業有限公司,正常,採字1050000808,專案,,機械儀器及設備,31060822006,1060822,捷座,CH-650-21
1059048000,1051116,虛擬攝影棚-數位導播機,5,"1.輸入輸出： 影像輸入: 10路、10-bit SDI X 10、10-bit HDMI X 1、聲音輸入: 類比平衡式XLR X 2 聲音輸出: 類比平衡式XLR X 2、2路embedded SDI、影像輸出: 8路 SDI Program output X 2、HDMI Program output X 1、SDI Preview output X 1、SDI Aux. Output X 3、像下轉換 SDI Program output X 1 (4K to HD) Multi View Output：1x SDI & 1x HDMI 2.格式： SD格式: 625/25 PAL 4:3 and 16:9, 525/29.97 NTSC 4:3 and 16:9 HD格式: 1080i50, 1080i59.94, 720p50, 720p59.94 Ultra HD 4K格式：3840x2160p23.98、3840x2160p24、3840x2160p25、3840x2160p29.97。 影像取樣:4:2:2 10-bit 3.含導播控制軟體 4.作業系統：相容Mac OS X and Windows 5.處理：處理延遲：< 2Lines、聲音混音器：12 input x 2 channel mixer、On/Off/Audio-Follow-Video、增益控制 6.Upstream Keyers/4、Downstream Keyers/2、線性/亮度 Keyers/7、色度 Keyers/4、圖型產生器/7、色彩產生器/2、轉場Keyer(Stinger/DVE)各1、數位特效with 3D Borders & Drop Shadow/1 7.內建2組媒體播放器- 最長片段 Ultra HD 4K 有180 frames最長片段在1080HD 有720 frames 靜態影像格式PNG, TGA, BMP, GIF, JPEG and TIFF 靜態影像格式TGA Sequence 8.介面：最低監視解析度1366 x 768、前面版：內建LCD 監視螢幕含27個LED按鍵操控 9.含H264高畫質錄影盒含1TB內存空間 10.含SDI to HDMI訊號轉換器一個 11.含 H264 Pro Recorder 12. 含 GC530 高畫質錄影盒 1TB 容量 ",套,"123,000",學生事務處課外活動指導組,H10502,王棋慧,包含4K導播機*1、H264高畫質錄影和(1TB)*1、Mini Converter ? SDI to HDMI*1、VIDPROREC H264 Pro Recorder*1、GC530高畫質錄影盒1TB*1,大同世界科技股份有限公司,正常,採字1040000896,專案,(105年度)104-105年度教學卓越計畫,機械儀器及設備,31051121038,1051121,blackmagicdesign,ATEM 1M/E
1059050000,1051116,虛擬攝影棚-液晶顯示器,6,尺寸： LED 液晶顯示器32 吋 面板解析度?:1366 x 768? 動態對比度?:1000000:1? 高畫質數位影音端子(HDMI 2.0)?:3? AV端子(Composite)?:1 (與色差共用)? 色差端子(Component)?:1? 電腦音訊端子(PC聲音/DVI)?:1? 類比音訊輸出端子?:1? USB插槽?:2 (照片/音樂/影片/錄影) 電腦影像端子 (D-Sub):1? 數位音源輸出(SPDIF)?:1(同軸)?LED液晶顯示器32RH5500,台,"10,000",學生事務處課外活動指導組,H10502,王棋慧,,大同世界科技股份有限公司,正常,採字1040000896,專案,(105年度)104-105年度教學卓越計畫,機械儀器及設備,31051121038,1051121,BenQ,32IE5500
1059051000,1051116,虛擬攝影棚-監聽喇叭,5,5.25英吋低音單體、高音喇叭1英尺、防磁外殼、低頻輸出40W 高頻輸出30W、頻率響應60Hz~22kHz、輸入端子：XLR平衡、TRS平衡/非平衡,對,"13,000",學生事務處課外活動指導組,H10502,王棋慧,,大同世界科技股份有限公司,正常,採字1040000896,專案,(105年度)104-105年度教學卓越計畫,機械儀器及設備,31051121038,1051121,Tascam,Tascam
1059052000,1051116,虛擬攝影棚-10路專業混音機,5,"-頻率響應:Mic Input to Main Output (Gain @ Unity)+0, -1 dB, <10 Hz to 80 kHz -動態範圍: >115 dB, Mic In to Main Out -幻象電源：+48 VDC -輸入阻抗Input Impedance： Mic Input:                             3 k?, balanced Mono Channel Line Input:      34 k? balanced Stereo Returns:                   20 k? balanced Talkback Mic:                      1 k? balanced ",台,"18,000",學生事務處課外活動指導組,K12101,王棋慧,,大同世界科技股份有限公司,正常,採字1040000896,專案,(105年度)104-105年度教學卓越計畫,機械儀器及設備,31051121038,1051121,Kingstage,RMV10/2FX
1059053001,1051116,虛擬攝影棚-專業攝影機(含三腳架),5,"1.感光元件：背照式ExmorR 1.0type CMOS (13.2 x 8.8mm) 2.有效畫素：約 1420 萬 (16:9) 3.鏡頭：12X Carl Zeiss Vario-Sonnar T* 鏡頭  4.焦距：29-348mm (相當於35mm片幅時) 5.光圈：F2.8 - F4.5 可選自動/手動  6.內建光學濾鏡：1/4ND、1/16ND、1/64ND 7.最低照度60i時: 3lux(快門速度1/60光圈/增益自動) 8.可選擇自動對焦/手動對焦, 10 mm to ∞ (Wide), 1000 mm to ∞ (Tele) 9.內建麥克風：全指向立體聲電容式麥克風 10.錄影格式： XAVC Long422 / 1920x1080 / 60p, 60i, 30p, 24p XAVC Long422 / 1280x720 / 60p AVCHD / 1920x1080 / 60p, 60i, 30p, 24p AVCHD / 1280x720 / 60p DV / 720x480 / 60i 11.觀景窗：1.0 cm (0.39 type) OLED Approx. 1.44M dots 12.液晶螢幕LCD：8.8 cm (3.5 type) Approx. 1.56M dots. 13.聲音紀錄：杜比數位 5.1 / 2 聲道變焦麥克風 14.錄音調整：可，手動 31 階 15.輸入/出介面： SDI輸出：3G-SDI / HD-SDI / SD-SDI HDMI輸出： Type A 聲音輸入：XLR x 2 / Line 耳機輸出：迷你立體聲插孔 USB：Multi/Micro USB插孔 16.WiFi/NFC：支援格式 IEEE 802.11 b/g/n 頻段 2.4GHz，安全WEP/WPA-PSK/WPA2-PSK 17.記錄媒體：SDHC / SDXC，MS卡-超高容量鋰電池*1、Extreme Pro SDXC U3  專業高速記憶卡  64G (95 MB/秒)*1 18.其它配件-攝影機專用背包、數位攝影機專用旅充充電器、有線領夾式麥克風(XLR) *1、三腳架(承重範圍 4kg 以上)*1 組  ",台,"120,000",學生事務處課外活動指導組,H10502,王棋慧, ,大同世界科技股份有限公司,正常,採字1040000896,專案,(105年度)104-105年度教學卓越計畫,機械儀器及設備,31051121038,1051121,SONY,PXW-X70
1059053002,1051116,虛擬攝影棚-專業攝影機(含三腳架),5,"1.感光元件：背照式ExmorR 1.0type CMOS (13.2 x 8.8mm) 2.有效畫素：約 1420 萬 (16:9) 3.鏡頭：12X Carl Zeiss Vario-Sonnar T* 鏡頭  4.焦距：29-348mm (相當於35mm片幅時) 5.光圈：F2.8 - F4.5 可選自動/手動  6.內建光學濾鏡：1/4ND、1/16ND、1/64ND 7.最低照度60i時: 3lux(快門速度1/60光圈/增益自動) 8.可選擇自動對焦/手動對焦, 10 mm to ∞ (Wide), 1000 mm to ∞ (Tele) 9.內建麥克風：全指向立體聲電容式麥克風 10.錄影格式： XAVC Long422 / 1920x1080 / 60p, 60i, 30p, 24p XAVC Long422 / 1280x720 / 60p AVCHD / 1920x1080 / 60p, 60i, 30p, 24p AVCHD / 1280x720 / 60p DV / 720x480 / 60i 11.觀景窗：1.0 cm (0.39 type) OLED Approx. 1.44M dots 12.液晶螢幕LCD：8.8 cm (3.5 type) Approx. 1.56M dots. 13.聲音紀錄：杜比數位 5.1 / 2 聲道變焦麥克風 14.錄音調整：可，手動 31 階 15.輸入/出介面： SDI輸出：3G-SDI / HD-SDI / SD-SDI HDMI輸出： Type A 聲音輸入：XLR x 2 / Line 耳機輸出：迷你立體聲插孔 USB：Multi/Micro USB插孔 16.WiFi/NFC：支援格式 IEEE 802.11 b/g/n 頻段 2.4GHz，安全WEP/WPA-PSK/WPA2-PSK 17.記錄媒體：SDHC / SDXC，MS卡-超高容量鋰電池*1、Extreme Pro SDXC U3  專業高速記憶卡  64G (95 MB/秒)*1 18.其它配件-攝影機專用背包、數位攝影機專用旅充充電器、有線領夾式麥克風(XLR) *1、三腳架(承重範圍 4kg 以上)*1 組  ",台,"120,000",學生事務處課外活動指導組,H10502,王棋慧, ,大同世界科技股份有限公司,正常,採字1040000896,專案,(105年度)104-105年度教學卓越計畫,機械儀器及設備,31051121038,1051121,SONY,PXW-X70
1059057000,1051116,虛擬攝影棚-液晶顯示器(含移動架),6,"1.背光技術：LED 2.螢幕尺寸: 50型 3.面板解析度：1920 x 1080 ?4. 動態對比度：1,000,000:1? 5.最大可視角度（水平/垂直）：178 /178 ? 6.畫質調校技術?：Senseye真色彩技術 六色+膚色獨立調整? 7.動態對比調整?：自動對比度增強、動態背光調整? 8.輸出/輸入端子?：數位影音端子(HDMI 2.0)?*3、?AV端子(Composite)?*1(與色差端子共用)?、色差端子(Component)?*1?、電腦音訊端子(PC聲音/DVI)?*1、?數位音源輸出(SPDIF) (同軸)?*1?、類比音訊輸出端子?*1(與耳機共用)?、USB插槽?*1 (照片/音樂/影片)、?電腦影像端子(D-Sub)?*1? 9.電源：電源需求110V,60Hz、開機消耗功率67.4W(標準值)91.3W(最大值)、待機秏電量<0.5W",台,"26,000",學生事務處課外活動指導組,H10502,王棋慧,,大同世界科技股份有限公司,正常,採字1040000896,專案,(105年度)104-105年度教學卓越計畫,機械儀器及設備,31051121038,1051121,BenQ,50IW6500
1060005001,1060503,繪圖板,5,"1.觸控筆與多點觸控工作區域 224 x 140 公釐 2.數位板重量 1kg以內 3.含8個可自訂的快速鍵4.多功能觸控環 5.電池運作可達12 小時 6.介面 USB或無線(RF)連接 7.感應筆技術無線、免電池感應筆 8.精確度（數位筆）0.25 公釐 9.壓感等級 2,048級  10.傾斜感應範圍 - 60° ~ + 60° 11.解析度：每公釐 200 條線 (5,080 lpi)  12.最高讀取速度 200 pps",臺,"12,000",學生事務處課外活動指導組,O32400,王棋慧, ,神奕科技有限公司,正常,採字1060000129,校內單位,學生事務處,其他設備,31060508138,1060508,WACOM,PTH-651
1060005002,1060503,繪圖板,5,"1.觸控筆與多點觸控工作區域 224 x 140 公釐 2.數位板重量 1kg以內 3.含8個可自訂的快速鍵4.多功能觸控環 5.電池運作可達12 小時 6.介面 USB或無線(RF)連接 7.感應筆技術無線、免電池感應筆 8.精確度（數位筆）0.25 公釐 9.壓感等級 2,048級  10.傾斜感應範圍 - 60° ~ + 60° 11.解析度：每公釐 200 條線 (5,080 lpi)  12.最高讀取速度 200 pps",臺,"12,000",學生事務處課外活動指導組,O32400,王棋慧, ,神奕科技有限公司,正常,採字1060000129,校內單位,學生事務處,其他設備,31060508138,1060508,WACOM,PTH-651
1060015001,1060510,平面式擋網,5,"1.移動平面式3M*3M、2.管徑1""、3.網面材質聚乙烯60股*4.5CM",座,"11,000",學生事務處課外活動指導組,O12400,王棋慧, ,外邦開發工程有限公司,正常,採字1060000130,校內單位,學生事務處,其他設備,31060531051,1060531,外邦開發工程有限公司,移動平面式3M*3M
1060015002,1060510,平面式擋網,5,"1.移動平面式3M*3M、2.管徑1""、3.網面材質聚乙烯60股*4.5CM",座,"11,000",學生事務處課外活動指導組,O12400,王棋慧, ,外邦開發工程有限公司,正常,採字1060000130,校內單位,學生事務處,其他設備,31060531051,1060531,外邦開發工程有限公司,移動平面式3M*3M
1060015003,1060510,平面式擋網,5,"1.移動平面式3M*3M、2.管徑1""、3.網面材質聚乙烯60股*4.5CM",座,"11,000",學生事務處課外活動指導組,O12400,王棋慧, ,外邦開發工程有限公司,正常,採字1060000130,校內單位,學生事務處,其他設備,31060531051,1060531,外邦開發工程有限公司,移動平面式3M*3M
1060015004,1060510,平面式擋網,5,"1.移動平面式3M*3M、2.管徑1""、3.網面材質聚乙烯60股*4.5CM",座,"11,000",學生事務處課外活動指導組,O12400,王棋慧, ,外邦開發工程有限公司,正常,採字1060000130,校內單位,學生事務處,其他設備,31060531051,1060531,外邦開發工程有限公司,移動平面式3M*3M
1060030000,1060621,吉祥物裝,2,1.適合身高160~170cm穿戴式  2.客製化訂製  3.水晶超柔絨布  4.支援立地式功能,具,"35,000",學生事務處課外活動指導組,H10200,王棋慧, ,仲威文化創意有限公司,正常,採字1060000147,校內單位,學生事務處,其他設備,31060626049,1060626,仲威文化創意有限公司,弘光公仔
1060032000,1060621,桁架,5,1.鋁合金材質 2.內徑25mm 3.長度3公尺 4.含轉接頭,組,"27,000",學生事務處課外活動指導組,H10700,王棋慧, ,太陽神國際照明設備有限公司,正常,採字1060000030,校內單位,學生事務處,其他設備,31060626050,1060626,太陽神國際照明設備有限公司,3M
1060034001,1060621,電鋼琴,5,"1.88鍵 2.鍵盤力度 5段，固定力度 3.全鍵重疊音色(可調音量平衡) 4.超自然鋼琴音色 5.MIDI格式 符合GM2, GS, XGlite規格 6.最大同時發聲數 128 音 7.音色數(電鋼琴)25種 8.古典調律法 8種, 可選調律法主調 9.標準音高調音 415.3 至466.2 Hz 10.等化器(4頻帶數位等化器) 11.音量 11 段調整 12.SMF錄音器 13.歌曲儲存格式：標準MIDI檔 14.可儲存標準MIDI檔音樂",臺,"48,750",學生事務處課外活動指導組,H11400,王棋慧, ,全方位樂器有限公司,正常,採字1060000050,校內單位,學生事務處,其他設備,31060927017,1060927,ROLAND,FP-50
1060034002,1060621,電鋼琴,5,"1.88鍵 2.鍵盤力度 5段，固定力度 3.全鍵重疊音色(可調音量平衡) 4.超自然鋼琴音色 5.MIDI格式 符合GM2, GS, XGlite規格 6.最大同時發聲數 128 音 7.音色數(電鋼琴)25種 8.古典調律法 8種, 可選調律法主調 9.標準音高調音 415.3 至466.2 Hz 10.等化器(4頻帶數位等化器) 11.音量 11 段調整 12.SMF錄音器 13.歌曲儲存格式：標準MIDI檔 14.可儲存標準MIDI檔音樂",臺,"48,750",學生事務處課外活動指導組,H11400,王棋慧, ,全方位樂器有限公司,正常,採字1060000050,校內單位,學生事務處,其他設備,31060927017,1060927,ROLAND,FP-50
1060035000,1060621,電吉他音箱,5,1.真空管式音箱 2.含2個通道與4種模式 3.12吋揚聲器,台,"28,000",學生事務處課外活動指導組,K12102,王棋慧, ,全方位樂器有限公司,正常,採字1060000050,校內單位,學生事務處,其他設備,31060927017,1060927,LANEY,IRT60
1060036001,1060621,監聽喇叭,5,"1.主動式喇叭系統 2.10"" 二音路 3.輸出功率為700W 4.高效能的D類擴大機",臺,"15,000",學生事務處課外活動指導組,K12102,王棋慧, ,全方位樂器有限公司,正常,採字1060000050,校內單位,學生事務處,其他設備,31060927017,1060927,YAMAHA,DBR10
1060036002,1060621,監聽喇叭,5,"1.主動式喇叭系統 2.10"" 二音路 3.輸出功率為700W 4.高效能的D類擴大機",臺,"15,000",學生事務處課外活動指導組,K12102,王棋慧, ,全方位樂器有限公司,正常,採字1060000050,校內單位,學生事務處,其他設備,31060927017,1060927,YAMAHA,DBR10
1060102000,1060808,單眼相機,5,"1.1,800萬畫素 2.CMOS影像感測器 3.感光度(ISO)範圍 100-12800 4.快門速度：30-1/4000秒，B快門 5.高速連拍：5 FPS 6.自動對焦系統 7.測光模組：63區分割iFCL測光系統 8.光學觀景窗：95%視野率，0.85倍 9.螢幕：3.0吋104萬像素，可翻轉TFT螢幕，支援多點觸控功能 10.動態錄影：Full HD 1920×1080，可達30fps。 11.錄音：立體聲，有輸入孔 12.儲存裝置：SD/SDHC/SDXC記憶卡 13.含變焦18-55mm 鏡頭",臺,"21,000",學生事務處課外活動指導組,H10100,王棋慧, ,雅士照相器材行何念芳,正常,採字1060000124,校內單位,學生事務處,其他設備,31060828033,1060828,CANON,760D
1060103002,1060808,攝影機,5,"1.影像感光元件：1/2.5 吋 (7.20mm) 背照式 Exmor R CMOS 感光元件 2.有效畫面解析度：約 829 萬像素 (16:9)  3.靜態最高影像解析度：約 1,660 萬像素 (16:9) 4.類型：BIONZ X 影像處理器 5.鏡頭類型：蔡司 Vario-Sonnar T 6.影像穩定：Balanced Optical SteadyShot? 影像穩定系統 7.光圈：F2.0 - F3.8 8.光學變焦：20x 9.數位變焦：250x 10.最短對焦距離：廣角約 1 cm，望遠約 80 cm 11.對焦功能：鎖定自動對焦、高速智慧自動對焦 12.自動光圈控制：F2",臺,"41,000",學生事務處課外活動指導組,H10400,王棋慧, ,雅士照相器材行何念芳,正常,採字1060000124,校內單位,學生事務處,其他設備,31060828033,1060828,SONY,FDR-AX40
1060148001,1060823,筆記型電腦,4,1.螢幕：15吋 LED 解析度 1366*768 2.處理器：Intel Core i7 2.6GHz第六代製程 3.記憶體：8GB DDR3 2133MHz 4.硬碟機：500G 7200轉 5.光碟機：內建DVD燒錄器 6.系統支援 WIN10驅動 7.作業系統：WIN10 64Bit隨機版(合法版權) 8.2個USB 3.0，1個USB 2.0 9.1個耳機／喇叭/線路輸出，支援內崁式麥克風的耳機 10.網路攝影機：HD攝影機 11.音效：立體聲/耳機輸出及喇叭裝置/內建麥克風 12.區域網路：RJ-45 100/1000 MBps 乙太網路埠 13.無線網路:802.11bgn、a/g/n、802.11ac 14.藍芽4.2 15.鋰電池,臺,"23,340",學生事務處課外活動指導組,H10100,王棋慧, ,慶銘資訊有限公司,正常,採字1060000128,校內單位,學生事務處,其他設備,31060829053,1060829,ACER,P259-M
1060167002,1060823,單槍投影機,5,"1.解析度：標準XGA 1024*768，支援SXGA 1280*1024 2.輸出亮度：4000ANSI流明 3.型式：三片TFT LCD或單片DMD DLP或D-ILA裝置 4.畫素：三片TFT LCD裝置：2,359,296畫素，單片式DMD DLP或D-ILA裝置：786,432畫素 5.投影畫面：最大300吋 6.安全裝置：過熱自動斷電保護裝置 7.具中華民國環保標章認證",臺,"12,000",學生事務處課外活動指導組,H10100,王棋慧, ,葉興資訊有限公司,正常,採字1060000125,校內單位,學生事務處,其他設備,31060828027,1060828,VIVITEK,DX56AAB
1060215000,1060921,爵士鼓,5,1.100% A級白楊木製 2.搭配簡易式懸吊系統 3.配備金屬鼓框 4.含支撐鼓架,組,"26,500",學生事務處課外活動指導組,K12103,王棋慧, ,全方位樂器有限公司,正常,採字1060000050,校內單位,學生事務處,其他設備,31060927017,1060927,YAMAHA,GIGMKER
1060273000,1061030,箱型冷氣,10,1.10RT 2.冷卻水塔 3.舊冷氣拆除 4.新冷氣安裝、測試 5.冷卻循環系統,式,"200,000",學生事務處課外活動指導組,H10200,王棋慧, ,新勝空調股份有限公司,正常,採字1060000218,校內單位,學生事務處,其他設備,31061031122,1061031,TATUNG,TC-10PNF
1060355000,1061206,多媒體工作桌椅組,5,(1)多媒體工作桌(含大深抽)三組： 尺寸：長150公分，寬70公分，高74公分 (2)弧形桌乙組： 尺寸：長70公分，寬70公分，高74公分 (3)椅子三張： 尺寸：長63公分，寬69公分，高110-120公分,式,"34,900",學生事務處課外活動指導組,H10502,王棋慧, ,一菱企業有限公司,正常,採字1060000526,專案,,其他設備,31061213003,1061213,一菱企業有限公司,多媒體工作桌椅組
1069141001,1070503,台北教育中心室內裝潢工程-活動鏡附重型煞車輪,5,活動鏡附重型煞車輪尺寸W60*D40H169.5CM，含雙面明鏡，預埋插座,台,"37,000",學生事務處課外活動指導組,H20101,王棋慧, ,動境室內裝修工程有限公司,正常,採字1050001098,校內單位,,其他設備,31070504120,1070504,訂製品,訂製品
1069141002,1070503,台北教育中心室內裝潢工程-活動鏡附重型煞車輪,5,活動鏡附重型煞車輪尺寸W60*D40H169.5CM，含雙面明鏡，預埋插座,台,"37,000",學生事務處課外活動指導組,H20101,王棋慧, ,動境室內裝修工程有限公司,正常,採字1050001098,校內單位,,其他設備,31070504120,1070504,訂製品,訂製品
1070002000,1070601,定量充氣機,8,1.可設定充氣量大小 2.適用圓球5吋至16吋 3.適用長條球160型至646型尺寸之氣球,臺,"34,000",學生事務處課外活動指導組,H10100,王棋慧, ,幸福氣球企業社,正常,採字1070000022,校內單位,學生事務處,機械儀器及設備,31070606012,1070606,UB,A12
1070003000,1070601,小軍鼓,5,"1.尺寸14""*6"" 2.鼓皮為水牛皮 3.具鼓架、鼓棒",個,"10,500",學生事務處課外活動指導組,H10901,王棋慧, ,仙靖貿易有限公司,正常,採字1070000032,校內單位,學生事務處,其他設備,31070606012,1070606,虎丘,R99-DR32-14-2P
1070004000,1070601,伴唱機,5,1.具智慧e控APP與WIFI 功能 2.內建1080像素歡唱背景  3.DVD播放機功能可光碟自錄 4.支援APP手持裝置應用點歌 5.字體縮放功能  6.支援HDMI高畫質輸出  7.具USB 連接裝置 8.具硬碟容量3TB,臺,"29,000",學生事務處課外活動指導組,H10200,王棋慧, ,奧斯卡欣業有限公司,正常,採字1070000085,校內單位,學生事務處,其他設備,31070606012,1070606,金嗓,CPX-900M1+
1070020000,1070608,電子計時器,5,1.具正數、倒數計時功能。 2.LED數位式顯示螢幕 3.數字單字高15CM。 4.亮度可調整。 5.具防水功能 6.可顯示6位數(時、分、秒) 7.具腳架可達高度150CM 8.具遙控功能,臺,"18,000",學生事務處課外活動指導組,H10400,王棋慧, ,大光源企業社,正常,採字1070000025,校內單位,學生事務處,其他設備,31070619003,1070619,AOA光電,TS戶外型
1070026000,1070613,棒球發球機,5,1.棒球出球時速48~96公里 2.壘球出球時速45~80公里 3.可調整直球、滾地、高飛球路,臺,"43,700",學生事務處課外活動指導組,O12400,王棋慧, ,仲連企業有限公司,正常,採字1070000080,校內單位,學生事務處,其他設備,31070619001,1070619,無敵,SY71057
1070038000,1070703,數位鋼琴,8,1.鍵盤：88 鍵、PHA-4標準鍵盤 2.可同時發聲數：128 voices 3.音色：鋼琴11種，其他：305 種 4.具備記憶功能 5.內部記憶體：標準MIDI 檔，可存10首樂曲 6.具備Bluetooth 藍牙 7.LED顯示幕 8.具USB 連接埠,臺,"53,000",學生事務處課外活動指導組,H11400,王棋慧, ,全方位樂器有限公司,正常,採字1070000007,校內單位,學生事務處,其他設備,31070706002,1070706,ROLAND,RP-501R
1070039000,1070703,混音器,5,1.超低噪音，可調整訊號強弱 2.麥克風前置放大器，具有可編輯的預設多重效果 3.內置USB連接 4.3D立體聲環繞效果和增強的立體聲圖像 5.具LED指示燈，靜音、主混音開關與獨奏和PFL功能 6.具平衡主混音輸出，耳機和立體聲錄音輸出功能,臺,"15,700",學生事務處課外活動指導組,O22400,王棋慧, ,全方位樂器有限公司,正常,採字1070000007,校內單位,學生事務處,其他設備,31070706002,1070706,Behringer,Mixer X1832usb
1070040000,1070703,吉他音箱,5,1.交流電、直流電兩用 2.輸入功率可達 30W 3.具備2顆5吋喇叭 4.樂句循環錄音功能 5.具兩個獨立的輸入立體聲道,臺,"16,000",學生事務處課外活動指導組,O22400,王棋慧, ,全方位樂器有限公司,正常,採字1070000007,校內單位,學生事務處,其他設備,31070706002,1070706,Roland,AC-33
1070041001,1070703,反鈸,5,1.尺寸：18吋 2.青銅合金 3.手工錘製成形,片,"13,000",學生事務處課外活動指導組,K12103,王棋慧, ,全方位樂器有限公司,正常,採字1070000007,校內單位,學生事務處,其他設備,31070706002,1070706,Meinl,"18"" Byzance"
1070041002,1070703,反鈸,5,1.尺寸：18吋 2.青銅合金 3.手工錘製成形,片,"13,000",學生事務處課外活動指導組,K12102,王棋慧, ,全方位樂器有限公司,正常,採字1070000007,校內單位,學生事務處,其他設備,31070706002,1070706,Meinl,"18"" Byzance"
1070041003,1070703,反鈸,5,1.尺寸：18吋 2.青銅合金 3.手工錘製成形,片,"13,000",學生事務處課外活動指導組,K12102,王棋慧, ,全方位樂器有限公司,正常,採字1070000007,校內單位,學生事務處,其他設備,31070706002,1070706,Meinl,"18"" Byzance"
1070042000,1070703,鼓組收音,5,1.收音麥克風組 2.具踢鼓話筒、鼓話筒、樂器話筒 3.具鼓架 4.附收納箱,組,"18,500",學生事務處課外活動指導組,K12102,王棋慧, ,全方位樂器有限公司,正常,採字1070000007,校內單位,學生事務處,其他設備,31070706002,1070706,SHURE,PGA DRUM KIT 7
1070043000,1070703,吉他,6,1.面板：單板雲杉木 2.側背板：膠木 3.指板：玫瑰木 4.琴頸：膠木 5.響孔輪口：鑲貝 6.烤漆：亮面漆 7.尺寸：41吋GAC桶身,把,"15,000",學生事務處課外活動指導組,O32100,王棋慧, ,全方位樂器有限公司,正常,採字1070000007,校內單位,學生事務處,其他設備,31070706002,1070706,Dadarwood,DW-T620cs
1070194000,1071008,毓麟館1樓會議室(箱型冷氣遷移、安裝),5,一隔間拆除、修繕工程 1.原有隔間牆拆除、2.抽油煙機及水槽拆除、3.牆面窗孔雙面封版、4.輕鋼架天花板修補(不含骨架) 、5.給排水管管路拆除封閉、6.截油槽打除拆除、7.截油槽混凝土澆置及表面粉光、8.截油槽拆水管接通、9.新增水槽給水、10. 新增水槽排水、11.廢棄物清運、12.白鐵防盜門W101*H231、13.白鐵防盜門W190*H66 二箱型冷氣遷移、安裝工程 1.箱型除氣機移機定位安裝工資(10噸)、2.箱型冷氣機配管材料工、3.冷卻水塔安裝定位材料工、4.循環水泵安裝定位材料工、5.風管出風口、6.試機調整、7.電源控制材料、8.既有箱型冷氣清洗保養、9.箱型冷氣機管路拆除工資(15噸)、10.風管拆除工資(封管)、11.風型冷氣機移機定伅安裝工資、12.箱型冷氣機配管及電源控制材、13.箱型冷氣風箱及出風口、14.試機調整、15.老舊故障箱型冷氣拆除、16.運雜費 三單槍遷移工程 1.單槍及電動布幕遷移安裝、2.單槍及手動布幕遷移安裝及15米VGA ,式,"250,000",學生事務處課外活動指導組,H10100,王棋慧, ,勤習室內裝修有限公司,正常,採字1070000498,校內單位,餐旅管理系,房屋及建築改良物,31071016080,1071016,勤習企業有限公司,勤習企業有限公司
1070276000,1071105,繪圖機,5,1.列印最大尺寸：44吋 2.黑白線條繪圖列印速度：A1每小時 80 張 3.列印速度線條繪圖：A1每小時 103 張 4.列印速度：A1每小時 103 張 A1 5.標準記憶體：虛擬16 GB 6.最窄線條寬度：0.06公釐 7.輸出處理：單張送紙、滾筒送紙、自動裁紙器 8.支援紙張類型：銅版與塗料紙、膠片、相片紙、背光、自黏式膠紙,臺,"62,277",學生事務處課外活動指導組,H11000,王棋慧, ,慶銘資訊有限公司,正常,採字1070000023,校內單位,學生事務處,機械儀器及設備,31071107084,1071107,HP,DWSIGNJET T795
1070277005,1071105,電腦,4,1.處理器：Intel Core i5 3.4GHz第七代製程 2.記憶體：8GB DDR4 2400MHz 3.硬碟機：固態硬碟（SSD，Solid State Drive）120GB及硬碟（HDD，Hard Disk Drive）1T  4.顯示介面：主機板內建 5.光碟機：內建DVD燒錄器 6.內建IC卡讀卡機及記憶卡讀卡機 7.系統支援 WIN10  8.作業系統：WIN 10 Professional 64Bit中文專業版（隨機版合法版權） 9.音效：內建HD Audio主機板 10.配件：鍵盤、滑鼠 11.網路介面：具10/100/1000Mbps Ethernet 網路介面 12.電源供應器：250W，符合80Plus 13.具中華民國環保標章認證 ,台,"18,690",學生事務處課外活動指導組,H10400,王棋慧,財務部 ,慶銘資訊有限公司,正常,採字1070000023,校內單位,學生事務處,機械儀器及設備,31071107084,1071107,ACER,VM2640G
1070280002,1071105,筆記型電腦,4,1. 螢幕：15吋 LED 解析度 1366*768 2. 處理器：Intel Mobile Core i7 2.7GHz（第七代製程。3.記憶體：8GB DDR4 。4.硬碟機：固態硬碟（SSD，Solid State Drive）100GB及硬碟（HDD，Hard Disk Drive）450GB。5.光碟機：DVD燒錄器（內建）6.系統支援 WIN10驅動7.作業系統：WIN 10Professional 64Bit中文專業版（隨機版合法版權）。8.提供USB 介面2個 9.1個耳機／喇叭／線路輸出，支援內崁式麥克風的耳機10.網路攝影機：HD攝影機11.音效：立體聲／耳機輸出及喇叭裝置／內建麥克風12.區域網路：提供內建或外接Ethernet網路介面達10/100/1000Mbps 13.無線網路：802.11 bgn、a/g/n及802.11ac。14.電池：提供鋰離子電池一個。15.標準配件：電腦包、滑鼠16.具中華民國環保標章認證,臺,"24,990",學生事務處課外活動指導組,H10100,王棋慧, ,慶銘資訊有限公司,正常,採字1070000023,校內單位,學生事務處,機械儀器及設備,31071107084,1071107,ACER,TMP259-G2-M
1070280003,1071105,筆記型電腦,4,1. 螢幕：15吋 LED 解析度 1366*768 2. 處理器：Intel Mobile Core i7 2.7GHz（第七代製程。3.記憶體：8GB DDR4 。4.硬碟機：固態硬碟（SSD，Solid State Drive）100GB及硬碟（HDD，Hard Disk Drive）450GB。5.光碟機：DVD燒錄器（內建）6.系統支援 WIN10驅動7.作業系統：WIN 10Professional 64Bit中文專業版（隨機版合法版權）。8.提供USB 介面2個 9.1個耳機／喇叭／線路輸出，支援內崁式麥克風的耳機10.網路攝影機：HD攝影機11.音效：立體聲／耳機輸出及喇叭裝置／內建麥克風12.區域網路：提供內建或外接Ethernet網路介面達10/100/1000Mbps 13.無線網路：802.11 bgn、a/g/n及802.11ac。14.電池：提供鋰離子電池一個。15.標準配件：電腦包、滑鼠16.具中華民國環保標章認證,臺,"24,990",學生事務處課外活動指導組,H10100,王棋慧, ,慶銘資訊有限公司,正常,採字1070000023,校內單位,學生事務處,機械儀器及設備,31071107084,1071107,ACER,TMP259-G2-M
1070381001,1071123,無線麥克風,5,1.雙頻道，手握麥克風2支 2.CPU控制自動選訊接收 3.範圍UHF 620-934MHz 4.後置分離式設計接收天線 5.預設頻率有7個群組 6.PLL相位鎖定頻率合成 7.靜音控制模式『音碼及雜訊鎖定』雙重靜音控制 8.頻帶寬度24MHz 9.自動追鎖接收機 10.輸出功率30mW 11.最大輸入音壓140dB SPL 12.具有LCD液晶顯示器，同時顯示電池容量，頻道及錯誤訊息 ,臺,"8,800",學生事務處課外活動指導組,H10100,王棋慧, ,葉興資訊有限公司,正常,採字1070000008,校內單位,學生事務處,其他設備,31071129010,1071129,MIPRO,ACT-789
1070381002,1071123,無線麥克風,5,1.雙頻道，手握麥克風2支 2.CPU控制自動選訊接收 3.範圍UHF 620-934MHz 4.後置分離式設計接收天線 5.預設頻率有7個群組 6.PLL相位鎖定頻率合成 7.靜音控制模式『音碼及雜訊鎖定』雙重靜音控制 8.頻帶寬度24MHz 9.自動追鎖接收機 10.輸出功率30mW 11.最大輸入音壓140dB SPL 12.具有LCD液晶顯示器，同時顯示電池容量，頻道及錯誤訊息,臺,"8,800",學生事務處課外活動指導組,K12102,王棋慧, ,葉興資訊有限公司,正常,採字1070000008,校內單位,學生事務處,其他設備,31071129010,1071129,MIPRO,ACT-789
1070468001,1080213,分離式冷氣(壁掛)7.2kw,10,RAS-71/RAC-71QK1,臺,"63,500",學生事務處課外活動指導組,K12102,王棋慧, ,新勝空調股份有限公司,正常,採字1070000751,校內單位,總務處,其他設備,31080220006,1080220,日立,RAS-71/RAC-71QK1
1070468002,1080213,分離式冷氣(壁掛)7.2kw,10,RAS-71/RAC-71QK1,臺,"63,500",學生事務處課外活動指導組,H10600,王棋慧, ,新勝空調股份有限公司,正常,採字1070000751,校內單位,總務處,其他設備,31080220006,1080220,日立,RAS-71/RAC-71QK1
1070468003,1080213,分離式冷氣(壁掛)7.2kw,10,RAS-71/RAC-71QK1,臺,"63,500",學生事務處課外活動指導組,H10901,王棋慧, ,新勝空調股份有限公司,正常,採字1070000751,校內單位,總務處,其他設備,31080220006,1080220,日立,RAS-71/RAC-71QK1
1070469001,1080213,分離式冷氣(壁掛)6.3kw,10,RAS-63/RAC-63QK1,臺,"57,000",學生事務處課外活動指導組,H10400,王棋慧, ,新勝空調股份有限公司,正常,採字1070000751,校內單位,總務處,其他設備,31080220006,1080220,日立,RAS-63/RAC-63QK1
1070469002,1080213,分離式冷氣(壁掛)6.3kw,10,RAS-63/RAC-63QK1,臺,"57,000",學生事務處課外活動指導組,H10400,王棋慧, ,新勝空調股份有限公司,正常,採字1070000751,校內單位,總務處,其他設備,31080220006,1080220,日立,RAS-63/RAC-63QK1
1070469003,1080213,分離式冷氣(壁掛)6.3kw,10,RAS-63/RAC-63QK1,臺,"57,000",學生事務處課外活動指導組,H10400,王棋慧, ,新勝空調股份有限公司,正常,採字1070000751,校內單位,總務處,其他設備,31080220006,1080220,日立,RAS-63/RAC-63QK1
1070469004,1080213,分離式冷氣(壁掛)6.3kw,10,RAS-63/RAC-63QK1,臺,"57,000",學生事務處課外活動指導組,H10400,王棋慧, ,新勝空調股份有限公司,正常,採字1070000751,校內單位,總務處,其他設備,31080220006,1080220,日立,RAS-63/RAC-63QK1
1070469005,1080213,分離式冷氣(壁掛)6.3kw,10,RAS-63/RAC-63QK1,臺,"57,000",學生事務處課外活動指導組,H11400,王棋慧, ,新勝空調股份有限公司,正常,採字1070000751,校內單位,總務處,其他設備,31080220006,1080220,日立,RAS-63/RAC-63QK1
1070469006,1080213,分離式冷氣(壁掛)6.3kw,10,RAS-63/RAC-63QK1,臺,"57,000",學生事務處課外活動指導組,H11500,王棋慧, ,新勝空調股份有限公司,正常,採字1070000751,校內單位,總務處,其他設備,31080220006,1080220,日立,RAS-63/RAC-63QK1
1070469007,1080213,分離式冷氣(壁掛)6.3kw,10,RAS-63/RAC-63QK1,臺,"57,000",學生事務處課外活動指導組,H10902,王棋慧, ,新勝空調股份有限公司,正常,採字1070000751,校內單位,總務處,其他設備,31080220006,1080220,日立,RAS-63/RAC-63QK1
1070470001,1080213,分離式冷氣(壁掛)5.0kw,10,RAS-50/RAC-50QK1,臺,"50,000",學生事務處課外活動指導組,K12102,王棋慧, ,新勝空調股份有限公司,正常,採字1070000751,校內單位,總務處,其他設備,31080220006,1080220,日立,RAS-50/RAC-50QK1
1070472003,1080213,分離式冷氣(壁掛)2.8kw,10,RAS-28/RAC-28QK1,臺,"34,000",學生事務處課外活動指導組,K12101,王棋慧, ,新勝空調股份有限公司,正常,採字1070000751,校內單位,總務處,其他設備,31080220006,1080220,日立,RAS-28/RAC-28QK1
1079050004,1071105,電腦-螢幕,4,"液晶顯示器：(1)IPS面板寬螢幕LED 背光模組。(2)螢幕尺寸：21.5 吋彩色。(3)液晶點亮（Tr）（Time to Rise）點閉（Tf）（Time to Fall）總反應時間：12ms，液晶反應時間（LCD Response Time）灰階至灰階（Gray to Gray,GTG）標準值（Typ.）12ms。(4)解析度：1920*1080 @60Hz。(5)顯示色彩：16.7M。(6)亮度：典型標準值（Typ.）250 cd/m2。(7)內建防刮玻璃功能。(8)面板技術：IPS LED背光。",台,"3,150",學生事務處課外活動指導組,H10400,王棋慧,財務部 ,慶銘資訊有限公司,正常,採字1070000023,校內單位,學生事務處,機械儀器及設備,31071107084,1071107,ACER,V226HQL G
1079050005,1071105,電腦-螢幕,4,"液晶顯示器：(1)IPS面板寬螢幕LED 背光模組。(2)螢幕尺寸：21.5 吋彩色。(3)液晶點亮（Tr）（Time to Rise）點閉（Tf）（Time to Fall）總反應時間：12ms，液晶反應時間（LCD Response Time）灰階至灰階（Gray to Gray,GTG）標準值（Typ.）12ms。(4)解析度：1920*1080 @60Hz。(5)顯示色彩：16.7M。(6)亮度：典型標準值（Typ.）250 cd/m2。(7)內建防刮玻璃功能。(8)面板技術：IPS LED背光。",台,"3,150",學生事務處課外活動指導組,H10400,王棋慧,財務部 ,慶銘資訊有限公司,正常,採字1070000023,校內單位,學生事務處,機械儀器及設備,31071107084,1071107,ACER,V226HQL G
1080011000,1080717,羽球發球機,5,1.出球頻率：20~55球/分鐘。 2.出球速度：30~135公里/小時。 3.出球弧度：可調整範圍40度。 4.出球落點：從定點到全場兩點可調。 5.升降調整：60公分。 6.含無線控制器。,臺,"70,000",學生事務處課外活動指導組,O12300,王棋慧, ,羽球世家體育用品店,正常,採字1080000101,校內單位,學生事務處,其他設備,31080731213,1080731,CRACK,V-328A
1080014000,1080718,402揚琴,5,1.花梨木邊板、高級沙桐面板。 2.花梨木調音盒蓋鑲貝圖飾。 3. 402型銀弦。 4.音域：F-b3、a=442Hz。 5.含輪盒及架。,臺,"49,800",學生事務處課外活動指導組,H10901,王棋慧, ,全方位樂器有限公司,正常,採字1080000070,校內單位,學生事務處,其他設備,31080731200,1080731,虎丘牌,024404-622L
1080015001,1080718,中阮,5,1.樁木製邊板。 2.木製琴軫銅軫微調。 3.梧桐木製面板底板。,臺,"28,000",學生事務處課外活動指導組,H10901,王棋慧, ,全方位樂器有限公司,正常,採字1080000070,校內單位,學生事務處,其他設備,31080731200,1080731,虎丘牌,13603
1080015002,1080718,中阮,5,1.樁木製邊板。 2.木製琴軫銅軫微調。 3.梧桐木製面板底板。,臺,"28,000",學生事務處課外活動指導組,H10901,王棋慧, ,全方位樂器有限公司,正常,採字1080000070,校內單位,學生事務處,其他設備,31080731200,1080731,虎丘牌,13603
1080016000,1080718,缸鼓,5,1.雙面牛皮製。 2.鼓面直徑65CM。 3.鼓肚麒麟圖飾。 4.含可以移動式輪架。,臺,"28,000",學生事務處課外活動指導組,H10901,王棋慧, ,全方位樂器有限公司,正常,採字1080000070,校內單位,學生事務處,其他設備,31080731200,1080731,虎丘牌,316111AG
1080017000,1080718,行動PA音響,5,"1. 400W (200W + 200W) 功率輸出。 2.喇叭：低音：8"" 單體/ 高音：1"" 音圈壓縮單體。 3.可分離的8軌混音機。 4. iPod/ iPhone USB 連接能力。 5.單鍵總輸出 EQ? 提供虛擬低音加強。 6.高解析度SPX數位殘響效果 (4種型式，參數可調)。 7.內建回授抑制器。 8. 2-段輸入 EQ。 9.可切換的立體及單音輸入。 10. Hi-Z輸入。 11.提供幻象電源。 12.監聽及超低音輸出。 13.提供殘響效果器開關踏板輸入。",臺,"28,800",學生事務處課外活動指導組,O22400,王棋慧, ,全方位樂器有限公司,正常,採字1080000070,校內單位,學生事務處,其他設備,31080731200,1080731,YAMAHA,STAGEPAS400I
1080018000,1080718,電貝斯,5,"1.指板：玫瑰木，總長度26""，銅條長度24”。 2.身：赤楊木琴頸，楓木 34”音階長度。 3.重量4.5KG。 4.含拾音器。",把,"30,000",學生事務處課外活動指導組,K12103,王棋慧, ,全方位樂器有限公司,正常,採字1080000070,校內單位,學生事務處,其他設備,31080731200,1080731,WARWICK,Rock Bass STREAMER NT1
1080019000,1080718,數位鋼琴,5,1.88鍵。 2.鍵盤力度 5段，固定力度。 3.全鍵重疊音色，可調音量平衡。 4.最大同時發聲數 128 音。 5.音色數25種。 6.古典調律法 8種，可選調律法主調。 7.標準音高調音 415.3 至466.2 Hz。 8. 4頻段數位等化器。 9.音量 11 段調整。 10.SMF錄音器。 11.歌曲儲存格式：標準MIDI檔。,臺,"52,400",學生事務處課外活動指導組,H11400,王棋慧, ,全方位樂器有限公司,正常,採字1080000070,校內單位,學生事務處,其他設備,31080731200,1080731,ROLAND,PR501R
1080055000,1080826,漢代長梢弓,2,1.磅數：28吋拉距30磅。 2.弓臂：3K碳纖維片。 3.弓胎：陶瓷泡沫。,支,"16,590",學生事務處課外活動指導組,O12300,王棋慧, ,洸廷企業有限公司,正常,採字1080000104,校內單位,學生事務處,其他設備,31080830022,1080830,無名製弓,漢長梢弓陶瓷泡沫3K碳片
1080057000,1080822,攝影機,5,1. 1/2.5 吋 背照式 Exmor R CMOS 感光元件。 2. 4K高畫質。 3. 4K縮時錄影。 4.總像素可達 857 萬像素。 5.光圈F2.0 - F3.8。 6.光學變焦20X，數位變焦250X。 7.清晰影像縮放4K：30X。 8.濾鏡直徑 55mm。 9.對比式自動對焦、最短對焦距離約 1 公分 (廣角)，約 80 公分 (望遠)。 10.具高速智慧自動對焦。 11.自動光圈控制，F2.0 - F11。 12. 64GB 內建記憶體。 13.原廠專用攝影包。,臺,"40,000",學生事務處課外活動指導組,H10400,王棋慧, ,雅士照相器材行何念芳,正常,採字1080000107,校內單位,學生事務處,其他設備,31080830021,1080830,SONY,FDR-AX40
1080058000,1080822,數位相機,5,1.有效畫素2010萬。 2.影像處理器 BIONZ X。 3.光學變焦倍率 2.9X。 4. 0.05秒自動對焦。 5. ISO 感光度 可達25600。 6. 10倍光學防手震。 7.相片效果 15種。 8.錄影模式可達3840*2160 4K。 9.錄影中可擷取靜態照片。 10. WIFI 無線傳輸。 11. 4K靜態影像輸出。,臺,"30,000",學生事務處課外活動指導組,H10400,王棋慧, ,雅士照相器材行何念芳,正常,採字1080000107,校內單位,學生事務處,其他設備,31080830021,1080830,SONY,RX100M5A
1080063000,1080822,烤箱,5,1.半盤烤箱。 2.烤箱內部皆為琺瑯材質。 3.全數位式操控面板，含數位設定烘烤溫度及烘烤時間、數位顯示爐內溫度、21組記憶模組。 4.烘烤中自動降溫。 5.烤箱爐門微開功能設計。 6.蒸氣盤專用保護背板。 7.單組溫度時間。 8.雙組溫度時間。 9.雙組溫度時間：預熱功能、循環模式。 10.單組溫度時間：預熱功能、循環模式。 11.高溫至少需達300度。,處,"25,000",學生事務處課外活動指導組,H11000,王棋慧, ,瑞輝食品行魏麗雪,正常,採字1080000103,校內單位,學生事務處,其他設備,31080830027,1080830,BAKART,OP-1089
1080065002,1080829,行動音響,5,1.放大器：Class D，最大輸出190 W，失真< 1%。 2.靈敏度：89 dB。 3.喇叭系統：1吋高音號角式，8吋中低音紙盆式的雙音路系統。 4.含2支無線麥克風，無手機信號干擾。 5.放音座。 6.藍牙功能。 7.各種輸入音量獨立控制與主音量控制。 8.含麥克風收納裝置。 9.手提、以伸縮提把及滑輪拖拉。 10.待機時間7小時以上。 11.具有LED充電指示燈。 12.以上規格同等級或(含)以上。,臺,"23,500",學生事務處課外活動指導組,H10100,王棋慧, ,利洋國際科技有限公司,正常,採字1080000106,校內單位,學生事務處,其他設備,31080831017,1080831,MIPRO,MA-708
1080065003,1080829,行動音響,5,1.放大器：Class D，最大輸出190 W，失真< 1%。 2.靈敏度：89 dB。 3.喇叭系統：1吋高音號角式，8吋中低音紙盆式的雙音路系統。 4.含2支無線麥克風，無手機信號干擾。 5.放音座。 6.藍牙功能。 7.各種輸入音量獨立控制與主音量控制。 8.含麥克風收納裝置。 9.手提、以伸縮提把及滑輪拖拉。 10.待機時間7小時以上。 11.具有LED充電指示燈。 12.以上規格同等級或(含)以上。,臺,"23,500",學生事務處課外活動指導組,H10400,王棋慧, ,利洋國際科技有限公司,正常,採字1080000106,校內單位,學生事務處,其他設備,31080831017,1080831,MIPRO,MA-708
1080065009,1080829,行動音響,5,1.放大器：Class D，最大輸出190 W，失真< 1%。 2.靈敏度：89 dB。 3.喇叭系統：1吋高音號角式，8吋中低音紙盆式的雙音路系統。 4.含2支無線麥克風，無手機信號干擾。 5.放音座。 6.藍牙功能。 7.各種輸入音量獨立控制與主音量控制。 8.含麥克風收納裝置。 9.手提、以伸縮提把及滑輪拖拉。 10.待機時間7小時以上。 11.具有LED充電指示燈。 12.以上規格同等級或(含)以上。,臺,"23,500",學生事務處課外活動指導組,H10901,王棋慧, ,利洋國際科技有限公司,正常,採字1080000106,校內單位,學生事務處,其他設備,31080831017,1080831,MIPRO,MA-708
1080065010,1080829,行動音響,5,1.放大器：Class D，最大輸出190 W，失真< 1%。 2.靈敏度：89 dB。 3.喇叭系統：1吋高音號角式，8吋中低音紙盆式的雙音路系統。 4.含2支無線麥克風，無手機信號干擾。 5.放音座。 6.藍牙功能。 7.各種輸入音量獨立控制與主音量控制。 8.含麥克風收納裝置。 9.手提、以伸縮提把及滑輪拖拉。 10.待機時間7小時以上。 11.具有LED充電指示燈。 12.以上規格同等級或(含)以上。,臺,"23,500",學生事務處課外活動指導組,H10400,王棋慧, ,利洋國際科技有限公司,正常,採字1080000106,校內單位,學生事務處,其他設備,31080831017,1080831,MIPRO,MA-708
1080065011,1080829,行動音響,5,1.放大器：Class D，最大輸出190 W，失真< 1%。 2.靈敏度：89 dB。 3.喇叭系統：1吋高音號角式，8吋中低音紙盆式的雙音路系統。 4.含2支無線麥克風，無手機信號干擾。 5.放音座。 6.藍牙功能。 7.各種輸入音量獨立控制與主音量控制。 8.含麥克風收納裝置。 9.手提、以伸縮提把及滑輪拖拉。 10.待機時間7小時以上。 11.具有LED充電指示燈。 12.以上規格同等級或(含)以上。,臺,"23,500",學生事務處課外活動指導組,H10400,王棋慧, ,利洋國際科技有限公司,正常,採字1080000106,校內單位,學生事務處,其他設備,31080831017,1080831,MIPRO,MA-708
1080458001,1090513,微霧風扇,2,大風量設計: 使用18吋大風量風扇，三段風速調整，不鏽鋼風扇網，不易生鏽。 水箱儲水: 60公升水箱設計可連續噴霧3.5小時。 高度隨意調整: 風扇高度可調高至190公分，提高噴霧高度，避免直接朝人體噴霧。 快拆接頭: 方便拆裝風扇，易於搬運。 移動性高: 無需架設管路，隨插即用；輪軸附鎖設計，可使本體固定不滑動，增加安全性。 無水保護裝置: 水量少於低水位將自動停機。 時間控制: 三段式計時器設定噴霧、停止時間。 自動洩壓: 主機停止時，自動洩除管路壓力，確保噴嘴不滴水。,台,"26,500",學生事務處課外活動指導組,H20101,王棋慧, ,永協順企業有限公司,正常,採字1080000774,校內單位,總務處,其他設備,31090519077,1090519,物理,WMF-10005-6D
1080458002,1090513,微霧風扇,2,大風量設計: 使用18吋大風量風扇，三段風速調整，不鏽鋼風扇網，不易生鏽。 水箱儲水: 60公升水箱設計可連續噴霧3.5小時。 高度隨意調整: 風扇高度可調高至190公分，提高噴霧高度，避免直接朝人體噴霧。 快拆接頭: 方便拆裝風扇，易於搬運。 移動性高: 無需架設管路，隨插即用；輪軸附鎖設計，可使本體固定不滑動，增加安全性。 無水保護裝置: 水量少於低水位將自動停機。 時間控制: 三段式計時器設定噴霧、停止時間。 自動洩壓: 主機停止時，自動洩除管路壓力，確保噴嘴不滴水。,台,"26,500",學生事務處課外活動指導組,H20101,王棋慧, ,永協順企業有限公司,正常,採字1080000774,校內單位,總務處,其他設備,31090519077,1090519,物理,WMF-10005-6D
1090013001,1090515,球棒,2,1.碳纖維握把。 2.33吋。 3.30oz。 4.材質：ATAC鋁合金。,根,"12,600",學生事務處課外活動指導組,O12400,王棋慧, ,國際露營體育用品社羅國新,正常,採字1090000090,校內單位,學生事務處,其他設備,31090521073,1090521,EASTON,BEAT X HYBRID
1090013002,1090515,球棒,2,1.碳纖維握把。 2.33吋。 3.30oz。 4.材質：ATAC鋁合金。,根,"12,600",學生事務處課外活動指導組,O12400,王棋慧, ,國際露營體育用品社羅國新,正常,採字1090000090,校內單位,學生事務處,其他設備,31090521073,1090521,EASTON,BEAT X HYBRID
1090033000,1090617,羽球專用穿線機,5,1.立式機台。  2.具備360度可旋轉托盤架子。  3.使用微電腦控制拉線機頭驅動，減少拉線張力誤差。  4.打結記憶功能。  5.拉力系統：具備防撞、防扯自動抬頭拉線裝置，及轉盤自動剎車功能，架拍組與拉線頭間距離縮短，可確保拉線磅數。  6.中管高度可調整。  7.定位式套筒線夾。 8.頻率50/60HZ。 9.電壓100-240V。 10.尺寸93cm*43cm*105-125cm。,台,"96,300",學生事務處課外活動指導組,O12300,王棋慧, ,羽球世家體育用品社蘇麗瑛,正常,採字1090000094,校內單位,學生事務處,其他設備,31090630052,1090630,勝利,C-7032PRO
1090034001,1090617,LED雙短棍,5,1. 80燈。 2.最亮白光持續時間可達30分鐘。 3.提供Pixel MR編輯圖形軟體，可讀入jpg/bmp/png/gif 之圖片檔。 4.中間鋁管長36 cm，外徑2.2cm。 5.兩端透明管長32cm，外徑2cm。 6.重量318g。 7.可充電使用，附充電線。 8.附傳輸線、收納袋。,根,"27,300",學生事務處課外活動指導組,O32300,王棋慧, ,旋舞炎表演工作坊陸偉華,正常,採字1090000119,校內單位,學生事務處,其他設備,31090624035,1090624,旋舞炎,訂製品
1090034002,1090617,LED雙短棍,5,1. 80燈。 2.最亮白光持續時間可達30分鐘。 3.提供Pixel MR編輯圖形軟體，可讀入jpg/bmp/png/gif 之圖片檔。 4.中間鋁管長36 cm，外徑2.2cm。 5.兩端透明管長32cm，外徑2cm。 6.重量318g。 7.可充電使用，附充電線。 8.附傳輸線、收納袋。,根,"27,300",學生事務處課外活動指導組,O32300,王棋慧, ,旋舞炎表演工作坊陸偉華,正常,採字1090000119,校內單位,學生事務處,其他設備,31090624035,1090624,旋舞炎,訂製品
1090035001,1090617,主動式喇叭,5,1.低頻驅動器功率放大器：450W峰值，8歐姆。 2.高頻驅動器功率放大器：100W峰值，8歐姆。 3.總功率：550W峰值。 4.輸入：1×TRS(靈敏度：-40dBu ~ +4dBu，抗阻20KΩ)，1×XLR(靈敏度：-40dBu ~ +4dBu，抗阻20KΩ)。 5.輸出：1×XLR。 6.頻率範圍：55Hz - 20kHz。 7.分頻頻率：2.4kHz。 8.最大峰值聲壓級：126dB。 9.外殼材料：模壓塑料。,顆,"17,000",學生事務處課外活動指導組,O22400,王棋慧, ,全方位樂器有限公司,正常,採字1090000069,校內單位,學生事務處,其他設備,31090729069,1090729,Behringer,B215D
1090035002,1090617,主動式喇叭,5,1.低頻驅動器功率放大器：450W峰值，8歐姆。 2.高頻驅動器功率放大器：100W峰值，8歐姆。 3.總功率：550W峰值。 4.輸入：1×TRS(靈敏度：-40dBu ~ +4dBu，抗阻20KΩ)，1×XLR(靈敏度：-40dBu ~ +4dBu，抗阻20KΩ)。 5.輸出：1×XLR。 6.頻率範圍：55Hz - 20kHz。 7.分頻頻率：2.4kHz。 8.最大峰值聲壓級：126dB。 9.外殼材料：模壓塑料。,顆,"17,000",學生事務處課外活動指導組,O22400,王棋慧, ,全方位樂器有限公司,正常,採字1090000069,校內單位,學生事務處,其他設備,31090729069,1090729,Behringer,B215D
1090036000,1090617,吉他音箱,5,"1.功率：120W。 2.雙通道-清音&失真。 3.單輸入：6.3mm。 4.揚聲器：2×12""。 5.控制：3頻段均衡器，驅動器，混響，音量。 6.腳踏板介面，內建效果器。 7.輸出：8歐姆，1/4""。",顆,"19,000",學生事務處課外活動指導組,O22400,王棋慧, ,全方位樂器有限公司,正常,採字1090000069,校內單位,學生事務處,其他設備,31090729069,1090729,Laney,LX120RT
1090037000,1090617,貝斯,5,1.含Precision Bass拾音器系列。 2.骨質上弦枕加上集中加高的銅條。 3.開背式弦鈕、Posiflex石墨調整桿增加強度。 4.琴身材質：赤楊木。 5.琴頸材質：楓木。 6.琴橋： High Mass 復古型琴橋(可穿背及正面裝弦)。 7.指板材質：楓木。 8.弦長：34吋。 9.護板：三層仿羊皮紙。 10.含貝斯硬盒。,把,"53,000",學生事務處課外活動指導組,O32100,王棋慧, ,全方位樂器有限公司,正常,採字1090000069,校內單位,學生事務處,其他設備,31090729069,1090729,Fender,American Professional Precision Bass
1090038000,1090617,貝斯音箱,5,"1.輸出功率：50W。 2.揚聲器：1 × 12""。 3.3段EQ。 4.輸入： 1×1/4""(樂器)、1×1/8"" (輔助音源)。 5.輸出：1×1/4"" (耳機)。",顆,"11,500",學生事務處課外活動指導組,K12102,王棋慧, ,全方位樂器有限公司,正常,採字1090000069,校內單位,學生事務處,其他設備,31090729069,1090729,Orange,Crush Bass 50
1090039000,1090617,吉他,6,1.40吋。 2.面板：雲杉木單板。 3.側背板：胡桃木。 4.含吉他肩帶及原廠吉他袋。,把,"13,000",學生事務處課外活動指導組,O22400,王棋慧, ,全方位樂器有限公司,正常,採字1090000069,校內單位,學生事務處,其他設備,31090729069,1090729,VEELAH,V3-OM
1090040000,1090617,數位電鋼琴,5,"1.鍵數：88鍵、PHA-4標準鍵盤。 2.觸鍵靈敏度：觸鍵力度：100種，固定力度。 3.同時最大發聲數：288。 4.音色數：86種。 5.喇叭輸出功率：13W×2。 6.錄音器：標準MIDI檔(Format 0，最多70,000音符)，音訊檔(WAV，需使用USB隨身碟)。 7.功能：節拍器、音訊錄音器、藍芽音訊。 8.重量：19公斤以下。 9.附琴椅、耳機、琴袋、雙叉型琴架。",台,"53,000",學生事務處課外活動指導組,O22400,王棋慧, ,全方位樂器有限公司,正常,採字1090000069,校內單位,學生事務處,其他設備,31090729069,1090729,ROLAND,FP-60
1090075001,1090720,喇叭,5,1.低音單體：8吋高承受功率低音單體。 2.高音單體：3吋高承受功率高音單體(內含響度調整器)。 3.頻率範圍：60Hz~20kHz。 4.靈敏度：89dB。 5.阻抗：8 ohms。 6.功率：300W。,顆,"6,250",學生事務處課外活動指導組,O42400,王棋慧, ,葉興資訊有限公司,正常,採字1090000055,校內單位,學生事務處,其他設備,31090729027,1090729,BMB,CSN-300
1090075002,1090720,喇叭,5,1.低音單體：8吋高承受功率低音單體。 2.高音單體：3吋高承受功率高音單體(內含響度調整器)。 3.頻率範圍：60Hz~20kHz。 4.靈敏度：89dB。 5.阻抗：8 ohms。 6.功率：300W。,顆,"6,250",學生事務處課外活動指導組,O42400,王棋慧, ,葉興資訊有限公司,正常,採字1090000055,校內單位,學生事務處,其他設備,31090729027,1090729,BMB,CSN-300
1090076001,1090720,行動音響,5,1.放大器：Class D，最大輸出190 W，失真< 1%。 2.靈敏度：89 dB。 3.喇叭系統：1吋高音號角式，8吋中低音紙盆式的雙音路系統。 4.含2支無線麥克風，無手機信號干擾。 5.放音座。 6.藍牙功能。 7.各種輸入音量獨立控制與主音量控制。 8.含麥克風收納裝置。 9.手提、以伸縮提把及滑輪拖拉。 10.待機時間7小時。 11.具有LED充電指示燈。,台,"26,000",學生事務處課外活動指導組,H10400,王棋慧, ,葉興資訊有限公司,正常,採字1090000055,校內單位,學生事務處,其他設備,31090729027,1090729,MIPRO,MA-708
1090076002,1090720,行動音響,5,1.放大器：Class D，最大輸出190 W，失真< 1%。 2.靈敏度：89 dB。 3.喇叭系統：1吋高音號角式，8吋中低音紙盆式的雙音路系統。 4.含2支無線麥克風，無手機信號干擾。 5.放音座。 6.藍牙功能。 7.各種輸入音量獨立控制與主音量控制。 8.含麥克風收納裝置。 9.手提、以伸縮提把及滑輪拖拉。 10.待機時間7小時。 11.具有LED充電指示燈。,台,"26,000",學生事務處課外活動指導組,O32100,王棋慧, ,葉興資訊有限公司,正常,採字1090000055,校內單位,學生事務處,其他設備,31090729027,1090729,MIPRO,MA-708
1090076003,1090720,行動音響,5,1.放大器：Class D，最大輸出190 W，失真< 1%。 2.靈敏度：89 dB。 3.喇叭系統：1吋高音號角式，8吋中低音紙盆式的雙音路系統。 4.含2支無線麥克風，無手機信號干擾。 5.放音座。 6.藍牙功能。 7.各種輸入音量獨立控制與主音量控制。 8.含麥克風收納裝置。 9.手提、以伸縮提把及滑輪拖拉。 10.待機時間7小時。 11.具有LED充電指示燈。,台,"26,000",學生事務處課外活動指導組,H10400,王棋慧, ,葉興資訊有限公司,正常,採字1090000055,校內單位,學生事務處,其他設備,31090729027,1090729,MIPRO,MA-708
1090076004,1090720,行動音響,5,1.放大器：Class D，最大輸出190 W，失真< 1%。 2.靈敏度：89 dB。 3.喇叭系統：1吋高音號角式，8吋中低音紙盆式的雙音路系統。 4.含2支無線麥克風，無手機信號干擾。 5.放音座。 6.藍牙功能。 7.各種輸入音量獨立控制與主音量控制。 8.含麥克風收納裝置。 9.手提、以伸縮提把及滑輪拖拉。 10.待機時間7小時。 11.具有LED充電指示燈。,台,"26,000",學生事務處課外活動指導組,H10400,王棋慧, ,葉興資訊有限公司,正常,採字1090000055,校內單位,學生事務處,其他設備,31090729027,1090729,MIPRO,MA-708
1090076005,1090720,行動音響,5,1.放大器：Class D，最大輸出190 W，失真< 1%。 2.靈敏度：89 dB。 3.喇叭系統：1吋高音號角式，8吋中低音紙盆式的雙音路系統。 4.含2支無線麥克風，無手機信號干擾。 5.放音座。 6.藍牙功能。 7.各種輸入音量獨立控制與主音量控制。 8.含麥克風收納裝置。 9.手提、以伸縮提把及滑輪拖拉。 10.待機時間7小時。 11.具有LED充電指示燈。,台,"26,000",學生事務處課外活動指導組,H10100,王棋慧, ,葉興資訊有限公司,正常,採字1090000055,校內單位,學生事務處,其他設備,31090729027,1090729,MIPRO,MA-708
1090077000,1090723,電木吉他,5,1.40吋。 2.面板：雲杉木單板。 3.側背板：胡桃木。 4.含拾音器。 5.含吉他肩帶及原廠吉他袋。,把,"16,000",學生事務處課外活動指導組,O22400,王棋慧, ,全方位樂器有限公司,正常,採字1090000069,校內單位,學生事務處,其他設備,31090729069,1090729,VEELAH,V3-OMCE
1090098000,1090730,數位相機,5,"1.感光元件：1.0 吋 CMOS 感光元件，長寬比 3:2，有效畫素2,010萬。 2.螢幕：3.0吋螢幕，可向上180度、向下45度翻轉。 3.電子觀景窗：彈出式，144萬點電子觀景器。 4.影像處理器：BIONZ X。 5.鏡頭：Zeiss Vario-Sonnar T。 6.焦距：25-73mm(4：3)、26-76mm(16：9)。 7.可用光圈：F1.8(W)-F2.8(T)。 8.防手震：5軸光學防手震。 9.快門速度：30-1/2000。 10.感光度：125-12800，可擴展ISO80、多框降噪可至25600。",台,"24,800",學生事務處課外活動指導組,H10400,王棋慧, ,雅士照相器材行何念芳,正常,採字1090000107,校內單位,學生事務處,其他設備,31090731264,1090731,SONY,RX100M5A
1090099000,1090730,真空包裝機,5,1.強化玻璃上蓋。 2.不鏽鋼304機身。 3.腔室內槽。 4.抽氣能力：60L/min。 5.可乾濕兩用，可調整封口、真空封口、醃漬三種類型。 6.LED觸控面板。 7.封口長度：30cm。 8.內槽尺寸：長30 cm*寬32 cm*高8cm。,台,"20,990",學生事務處課外活動指導組,O22100,王棋慧, ,廚星餐飲設備有限公司,正常,採字1090000184,校內單位,學生事務處,機械儀器及設備,31090731256,1090731,ARTISAN,CVS30501
1090100000,1090730,冷凍櫃,5,1.立式，單門。 2.容量：200L。 3.溫度範圍：－14℃～－24℃。 4.冰箱內9層。,台,"15,225",學生事務處課外活動指導組,H11000,王棋慧, ,廚星餐飲設備有限公司,正常,採字1090000184,校內單位,學生事務處,機械儀器及設備,31090731256,1090731,WARRIOR,TF-29A
1090158000,1090914,筆記型電腦,5,1.螢幕：15.6吋 LCD ，解析度 1920*1080(，內建Nvidia獨立顯示晶片。 2.處理器：Intel Mobile Core i7 2.6GHz(第10代製程，處理器核心數(Cores)6個，執行緒12個。 3.記憶體：8GB DDR3。 4.硬碟機：固態硬碟(SSD，Solid State Drive) 200GB。 5. DVD燒錄器(內建)，提供USB 介面2個，內建HD攝影機。 6.作業系統：WIN 10 64Bit中文專業隨機版(合法版權)。 7.1個耳機／喇叭／線路輸出，支援內崁式麥克風的耳機。 8.區域網路：提供內建Ethernet網路介面達10/100/1000Mbps。 9.無線網路：802.11 bgn。 10.提供電腦包、滑鼠、鋰離子電池一個。 11.具中華民國環保標章認證。 ,台,"29,746",學生事務處課外活動指導組,H11500,王棋慧, ,慶銘資訊有限公司,正常,採字1090000053,校內單位,學生事務處,機械儀器及設備,31090930132,1090930,捷元,GNB15H-10G650
1090320000,1091123,領夾數位無線麥克風組,5,UHF 505~530MHz，含URX-P40 便攜式接收 器、UTX-B40 腰包式發射器，線路輸入、 監聽耳機輸出（3.5mm）,組,"20,000",學生事務處課外活動指導組,H10502,王棋慧, ,新記股份有限公司,正常,採字1090000266,專案,(L2-100)深化師生志工服務(課指組)109年高教深耕計畫,機械儀器及設備,31091124015,1091124,SONY,UWP-D21=K14
1090321000,1091123,多軌道藍芽混音器,5,12CH Mixer 多軌道藍芽混音器 12進10出 USB音頻接口,組,"19,250",學生事務處課外活動指導組,H10502,王棋慧, ,新記股份有限公司,正常,採字1090000266,專案,(L2-100)深化師生志工服務(課指組)109年高教深耕計畫,機械儀器及設備,31091124015,1091124,Tascam,Model 12
1090322000,1091123,ATEM直播切換器,5,迷你導播機/ 乙太網直播功能/USB錄影功能 含500G外接USB C硬碟/ 四個HDMI輸入、一 個HDMI輸出（可設定Multiview、pgm）,組,"24,750",學生事務處課外活動指導組,H10502,王棋慧, ,新記股份有限公司,正常,採字1090000266,專案,(L2-100)深化師生志工服務(課指組)109年高教深耕計畫,機械儀器及設備,31091124015,1091124,Blackmagic,Atem mini Pro
1090325000,1091123,三軸穩定器,5,1. 電氣：12V/2A 配件電源接口，相機控制接口，8-pin 接口。 2. 支援接口類型藍牙 4.0；USB –CDJI Assistant 2 安裝要求:Windows 7 ; Mac OS X 10.11 Ronin App 安裝要求:iOS 9.0 版本； Android 4.4 版本。 3. 角度抖動量 0.02°。 4. 最大可控轉速:平移方向：360°/s俯仰方向：360°/s，橫滾方向：360°/s。 5. 重量:約 1.50 kg (僅含雲台)約1.85 kg（含雲台、手柄）。 6. 可搭載相機尺寸:安裝底座中心至橫滾軸最大水準長度為 98 mm相機寬度不超過 205 mm高度不超過 :150 mm。,組,"15,000",學生事務處課外活動指導組,H10502,王棋慧, ,雅士照相器材行何念芳,正常,採字1090000267,專案,(L2-100)深化師生志工服務(課指組)109年高教深耕計畫,機械儀器及設備,31091124015,1091124,SONY,DJI RONINS
1099026000,1090914,電腦-螢幕,4,1.彩色23.5吋IPS面板寬螢幕LED背光模組。 2.液晶點亮(Tr)(Time to Rise)點閉(Tf)(Time to Fall)總反應時間：14ms 3.解析度：1920*1080 @60Hz。 4.顯示色彩：16.7M。 5.亮度：典型標準值(Typ.) 250 cd/m2。 6.內建防刮玻璃功能。 7.具中華民國環保標章認證。,台,"3,455",學生事務處課外活動指導組,H10400,王棋慧,社團部 ,慶銘資訊有限公司,正常,採字1090000053,校內單位,學生事務處,機械儀器及設備,31090930132,1090930,Acer,V246HYL
1100043000,1100716,LED燈棍,5,1.組合後尺寸：邊90cm*邊90cm*轉棍126cm。 2.總重：1418g。3. LED燈數：單邊20燈，雙面*4邊。 4.組合後形狀；菱形。,組,"12,600",學生事務處課外活動指導組,O32300,王棋慧, ,旋舞炎表演工作坊陸偉華,正常,採字1100000139,校內單位,學生事務處,其他設備,31100721062,1100721,旋舞炎表演工作坊,訂製品
1100047000,1100728,電木吉他,5,1.面板：歐洲雲杉單板。2.側背板：桑托斯單板。3.指板：烏木。4.尺寸：41吋。5.含背帶、琴盒、立式鐵製吉他架。,把,"42,000",學生事務處課外活動指導組,O22400,王棋慧, ,全方位樂器有限公司,正常,採字1100000066,校內單位,學生事務處,其他設備,31100731173,1100731,DADARWOOD,蒼狼
1100048000,1100728,電木吉他,5,1.面板：雲杉木單板。2.側背板：桃花心木。3.加振拾音器。4.尺寸：41吋。5.含背帶、吉他袋、立式鐵製吉他架。,把,"18,000",學生事務處課外活動指導組,O22400,王棋慧, ,全方位樂器有限公司,正常,採字1100000066,校內單位,學生事務處,其他設備,31100731173,1100731,DADARWOOD,DT660
1100049000,1100728,爵士鼓組,5,"1.含鼓椅一張、鼓棒一副及銅鈸四片。2.鼓架材質：鍍鉻。3.通通鼓含懸吊系統。4.大鼓一個：22""*18""。5.通通鼓兩個：10""*7""＆12""*8""。6.落地鼓一個：16""*16""。7.小鼓一個：14""*5.5""。",組,"63,000",學生事務處課外活動指導組,K12102,王棋慧, ,全方位樂器有限公司,正常,採字1100000066,校內單位,學生事務處,其他設備,31100731173,1100731,PEARL,DMP925SP
1100050001,1100728,電吉他,5,1.玫瑰木指板。2.桃花心木琴身。3.楓木琴頸。4.控制旋鈕：五段搖頭開關，一個音量旋鈕，一個音色旋鈕。5.含拾音器、吉他袋、背帶、立式鐵製吉他架。,把,"18,000",學生事務處課外活動指導組,K12102,王棋慧, ,全方位樂器有限公司,正常,採字1100000066,校內單位,學生事務處,其他設備,31100731173,1100731,IBANEZ,RG350DXZ
1100050002,1100728,電吉他,5,1.玫瑰木指板。2.桃花心木琴身。3.楓木琴頸。4.控制旋鈕：五段搖頭開關，一個音量旋鈕，一個音色旋鈕。5.含拾音器、吉他袋、背帶、立式鐵製吉他架。,把,"18,000",學生事務處課外活動指導組,K12103,王棋慧, ,全方位樂器有限公司,正常,採字1100000066,校內單位,學生事務處,其他設備,31100731173,1100731,IBANEZ,RG350DXZ
1100051000,1100728,單鍵盤電子琴,5,1.琴鍵數：61鍵。2.鍵盤類型：管風琴、觸鍵感應。3.琶音：有。4.顯示畫面：(1)類型：TFT彩色、VGA LCD 寬螢幕。(2)尺寸：800*480點 7吋。5.發聲數最多128。6.音色數：986種音色+41種鼓組/SFX套件。7.錄音長度：一首歌曲80分鐘。8.殘響：59種預設+30組使用者設定。9.合唱：106種預設+30組使用者設定。10. DSP：322種預設+30組使用者設定。11.內建伴奏風格數：400。12.音色設定按鍵數：8。13.台灣製琴袋。,台,"50,000",學生事務處課外活動指導組,K12102,王棋慧, ,全方位樂器有限公司,正常,採字1100000066,校內單位,學生事務處,其他設備,31100731173,1100731,YAMAHA,PSR-SX700
1100052000,1100728,吉他音箱,5,1.真空管30瓦音箱。2.輸入：Hi＆Lo Jacks。3.有明亮開關。4.頻道數：2。5.驅動器：1*12英吋HH驅動器。6.EQ均衡：低音、中音、高音。,台,"34,000",學生事務處課外活動指導組,O22400,王棋慧, ,全方位樂器有限公司,正常,採字1100000066,校內單位,學生事務處,其他設備,31100731173,1100731,LANEY,VC30-112
1100122000,1100908,活動式棒球網屋,5,1.拱門組：鐵製ㄇ型支架*4，鐵製交叉拉桿*8，實心煞車塑膠輪*8，尺寸：長20米，寬4.31米，高3.45米。 2.防護網：材質PE，線徑3mm，綱目4.5cm。,式,"150,000",學生事務處課外活動指導組,O12400,王棋慧, ,開旭專業圍網工程行,正常,採字1100000122,校內單位,學生事務處,其他設備,31100917072,1100917,開旭專業圍網工程行,訂製品
1100132000,1100917,單槍投影機,5,1.解析度：1920*1200(WUXGA)。2.亮度：6000流明。3.顯示系統：0.64LCD*3片。4.投影畫面：30吋至300吋。5.光源：雷射。6.喇叭：16W。7.鏡頭位移：V:0-56.5％，H:+/-4.6％。8.含安裝。,台,"57,312",學生事務處課外活動指導組,D20700,王棋慧,雷射投影機 ,利洋國際科技有限公司,正常,採字1100000108,校內單位,學生事務處,機械儀器及設備,31100927051,1100927,Maxell,MP-WU5603T
1100137000,1100917,筆記型電腦,4,1.螢幕：15.6吋 LCD ，解析度 1920*1080，內建Nvidia獨立顯示晶片。 2.處理器：Intel Mobile Core i7 1.8GHz第10代製程，處理器核心數(Cores) 6個，執行緒12個。 3.記憶體：8GB DDR4。 4.硬碟機：固態硬碟(SSD M.2，Solid State Drive) 512GB。 5.提供USB 介面3個，內建HD攝影機。 6.作業系統：WIN 10 64Bit中文專業隨機版(合法版權)。 7. 1個耳機／喇叭／線路輸出，支援內崁式麥克風的耳機。 8.區域網路：提供內建Ethernet網路介面達10/100/1000Mbps。 9.無線網路：Wi-Fi 6 AX201。 10.提供電腦包、滑鼠、鋰離子電池一個。 11.具中華民國環保標章認證。,台,"28,000",學生事務處課外活動指導組,H10400,王棋慧, ,利洋國際科技有限公司,正常,採字1100000105,校內單位,學生事務處,機械儀器及設備,31100930113,1100930,ASUS,K571L
1100183000,1101014,烤箱,5,1.電力式烤箱。2.材質：不鏽鋼304。3.溫控設定：0℃~+300℃。4.層網4層。5.上、下燈管，可選擇單獨使用上火與下火。,台,"34,650",學生事務處課外活動指導組,H11000,王棋慧, ,許多廚師道具工房有限公司,正常,採字1100000160,校內單位,學生事務處,機械儀器及設備,31101029121,1101029,理騰,LTA-DV-EVXB
1100185000,1101014,外抽式真空封口機,5,1.加熱方式：瞬熱式。2.真空能力：26.0”hg。3.封口尺寸：寬400.0mm*厚5.0mm。4.抽氣時間：0.0-99.0秒。5.封口時間：0.0-9.0秒。6.壓凝時間：0.0-6.0秒。,台,"13,650",學生事務處課外活動指導組,H11000,王棋慧, ,許多廚師道具工房有限公司,正常,採字1100000160,校內單位,學生事務處,機械儀器及設備,31101029121,1101029,達詠,DVT-405C
1100239001,1101126,被動式喇叭,5,1.單體：15吋低音+1.4吋號角式高音。2.功率定額：500W。3.峰值功率：1000W。4.阻抗：8ohms。5.輸入：1*TRS、1*speakon。6.活動式。7.頻率響應：46Hz ~ 20KHz。,台,"14,800",學生事務處課外活動指導組,O42400,王棋慧, ,葉興資訊有限公司,正常,採字1100000104,校內單位,學生事務處,機械儀器及設備,31101130087,1101130,YAMAHA,CBR15
1100239002,1101126,被動式喇叭,5,1.單體：15吋低音+1.4吋號角式高音。2.功率定額：500W。3.峰值功率：1000W。4.阻抗：8ohms。5.輸入：1*TRS、1*speakon。6.活動式。7.頻率響應：46Hz ~ 20KHz。,台,"14,800",學生事務處課外活動指導組,O42400,王棋慧, ,葉興資訊有限公司,正常,採字1100000104,校內單位,學生事務處,機械儀器及設備,31101130087,1101130,YAMAHA,CBR15
1100240000,1101126,高功率混音擴大機,5,"1.12組輸入，8單音+4立體。2.內建回授抑制器。3.含 24種不同效果器。4.高阻抗Hi-Z輸入 第4軌可直接連接吉他與貝斯。5.彈性Flex 9段圖形等化器。6.強有力的高效率D類擴大機。7.2x 710瓦 [4Ω], 2x 500瓦 [8Ω] (1kHz THD+N低於 10% CEA2006)。8.2x 600瓦 [4Ω], 2x 400瓦 [8Ω] (1kHz THD+N低於 1% CEA2006)。",台,"29,000",學生事務處課外活動指導組,O42400,王棋慧, ,葉興資訊有限公司,正常,採字1100000104,校內單位,學生事務處,機械儀器及設備,31101130087,1101130,YAMAHA,EMX7
1100241000,1101126,數位DJ撥放器,5,1.7吋全彩螢幕。2.頻率響應：20HZ to 20kHz(USB、AUX、MIC)。3.USB插孔：TYPE A*2、TYPE B*1。4.信噪比：112dB(USB)。5.輸入孔：AUX*1(RCA)，MIC*1(XLR＆1/4-inchTRS jack)。6.輸出孔：MASTER1*1(XLR)，MASTER2*1(RCA)，PHONES*2(1/4-inch stereo phone jack*1，3.5-mm stereo mini jack*1)。7.雙軌系統。8.附電源線、轉接器、USB線、9.提供rekordboxdj音樂管理軟體。,台,"33,000",學生事務處課外活動指導組,O42400,王棋慧, ,葉興資訊有限公司,正常,採字1100000104,校內單位,學生事務處,機械儀器及設備,31101130087,1101130,PIONEER,XDJ-RR
1100242000,1101126,主動式喇叭,5,1.輸出功率：動態700W(LF 500W，HF200W)。 2.頻率響應：55Hz ~20KHz。 3.最大輸出電平：129分貝SPL。 4.I/O連接器：INPUT1 組合x1，INPUT2二合一*1 + RCA針*2(不平衡)，OUTPUT XLR3-32*1(CH1並行通過與CH1+CH2混合)。 5.箱體材料：ABS塑料。,顆,"14,000",學生事務處課外活動指導組,H11400,王棋慧, ,葉興資訊有限公司,正常,採字1100000104,校內單位,學生事務處,機械儀器及設備,31101130087,1101130,YAMAHA,DBR10
1100243000,1101126,音響擴大機,5,1.最大輸出功率：300W+300W 4Ω-16Ω/RMS。2.總諧波失真：0.03%。3.信號雜訊比：80Db(1KHz)。4.信號源輸入輸出：麥克風3mV/600Ω、音樂250mV /47KΩ、前級輸出2.5V/1KΩ。5.頻率響應：麥克風100Hz~15KHz/-3dB、音樂20Hz~20KHz/-3dB。6.音質控制特性：麥克風/低音：±10dB(100Hz)、中音：±10dB(1KHz)、高音 ±10dB(10KHz)；音樂/低音：100Hz ±12dB、高音：10KHz ±12dB。7.五組音頻線路、三組視頻線路及五支麥克風端座輸入。8.喇叭輸出：A組與B組單獨：4~ 16Ω，A組與B組並聯輸出：8~16Ω。9.全功能紅外線遙控。,台,"16,000",學生事務處課外活動指導組,H10200,王棋慧, ,葉興資訊有限公司,正常,採字1100000104,校內單位,學生事務處,機械儀器及設備,31101130087,1101130,HYLEX,EA-9800
1110010000,1110429,拉糖機,5,1.工作檯面具耐熱矽膠墊，尺寸300*400mm。 2.材質：不銹鋼304。 3.可調整陶瓷加熱器高低。 4.恆溫控制開關：溫度調整範圍0度~120度。 5.有操作指示燈。,台,"19,425",學生事務處課外活動指導組,O32100,王棋慧, ,嘉崧企業有限公司,正常,採字1110000063,校內單位,學生事務處,機械儀器及設備,31110430023,1110430,嘉崧企業有限公司,嘉崧企業有限公司
1110011000,1110429,單簧管,5,1.調性：Bb調。 2.按鍵材質：鍍銀。 3.管身材質：黑檀木。 4.含吹嘴、竹片*1、樂器盒。,支,"29,000",學生事務處課外活動指導組,K12101,王棋慧, ,全方位樂器有限公司,正常,採字1110000062,校內單位,學生事務處,其他設備,31110430024,1110430,BUFFET,E12F
1110012000,1110429,高音薩克斯風,5,1.調性：Bb調。 2.材質：銅製。 3.含樂器盒、吹嘴、竹片、高音脖子(直)*1、高音脖子(彎)*1、薩克斯風背帶、吹嘴蓋。,支,"25,000",學生事務處課外活動指導組,K12101,王棋慧, ,全方位樂器有限公司,正常,採字1110000062,校內單位,學生事務處,其他設備,31110430024,1110430,ZEUS,ZS-602BG
1110054001,1110628,行動電冰箱,5,1.33L。 2. AC/DC交流/直流變頻二用。 3.具可拆式置物籃。 4.具控制面板，可調整溫度。 5.內置LED燈。 6.重量14.5kg。 7.材質：外部PP、內部食品級PU。 8.保冷效力：冷藏0°C~10°C、冷凍0°C~-18°C。,台,"13,000",學生事務處課外活動指導組,H11000,王棋慧, ,許多廚師道具工房有限公司,正常,採字1110000158,校內單位,學生事務處,機械儀器及設備,31110630102,1110630,PRINCESS,282898
1110054002,1110628,行動電冰箱,5,1.33L。 2. AC/DC交流/直流變頻二用。 3.具可拆式置物籃。 4.具控制面板，可調整溫度。 5.內置LED燈。 6.重量14.5kg。 7.材質：外部PP、內部食品級PU。 8.保冷效力：冷藏0°C~10°C、冷凍0°C~-18°C。,台,"13,000",學生事務處課外活動指導組,H11000,王棋慧, ,許多廚師道具工房有限公司,正常,採字1110000158,校內單位,學生事務處,機械儀器及設備,31110630102,1110630,PRINCESS,282898
1110135001,1110930,筆記型電腦,4,1.螢幕：15.6吋彩色LCD，解析度1920*1080。 2.處理器：Intel Mobile Core i7-1165G7 2.8GHz第11代製程，處理器核心數(Cores) 4 個，執行緒8個。 3.記憶體：8GB DDR4。 4.獨立顯示晶片：Nvidia  GeForce MX350 2GB GDDR5。 5.硬碟機：固態硬碟(SSD M.2，Solid State Drive) 512GB。 6.提供USB 介面2個，內建 HD攝影機。 7.作業系統：WIN 11 Pro 64Bit中文專業隨機版合法版權。 8.1個耳機/喇叭/線路輸出，支援內崁式麥克風的耳機。 9.區域網路：提供內建 Ethernet網路介面達10/100/1000Mbps。 10.無線網路：Wi-Fi 6 AX201。 11.提供電腦包、滑鼠、鋰離子電池一個。 12.具中華民國環保標章認證。,台,"28,222",學生事務處課外活動指導組,H10100,王棋慧, ,葉興資訊有限公司,正常,採字1110000145,校內單位,學生事務處,機械儀器及設備,31110930075,1110930,Dell,Latitude 3520
1110135002,1110930,筆記型電腦,4,1.螢幕：15.6吋彩色LCD，解析度1920*1080。 2.處理器：Intel Mobile Core i7-1165G7 2.8GHz第11代製程，處理器核心數(Cores) 4 個，執行緒8個。 3.記憶體：8GB DDR4。 4.獨立顯示晶片：Nvidia  GeForce MX350 2GB GDDR5。 5.硬碟機：固態硬碟(SSD M.2，Solid State Drive) 512GB。 6.提供USB 介面2個，內建 HD攝影機。 7.作業系統：WIN 11 Pro 64Bit中文專業隨機版合法版權。 8.1個耳機/喇叭/線路輸出，支援內崁式麥克風的耳機。 9.區域網路：提供內建 Ethernet網路介面達10/100/1000Mbps。 10.無線網路：Wi-Fi 6 AX201。 11.提供電腦包、滑鼠、鋰離子電池一個。 12.具中華民國環保標章認證。,台,"28,222",學生事務處課外活動指導組,H10100,王棋慧, ,葉興資訊有限公司,正常,採字1110000145,校內單位,學生事務處,機械儀器及設備,31110930075,1110930,Dell,Latitude 3520
1110135003,1110930,筆記型電腦,4,1.螢幕：15.6吋彩色LCD，解析度1920*1080。 2.處理器：Intel Mobile Core i7-1165G7 2.8GHz第11代製程，處理器核心數(Cores) 4 個，執行緒8個。 3.記憶體：8GB DDR4。 4.獨立顯示晶片：Nvidia  GeForce MX350 2GB GDDR5。 5.硬碟機：固態硬碟(SSD M.2，Solid State Drive) 512GB。 6.提供USB 介面2個，內建 HD攝影機。 7.作業系統：WIN 11 Pro 64Bit中文專業隨機版合法版權。 8.1個耳機/喇叭/線路輸出，支援內崁式麥克風的耳機。 9.區域網路：提供內建 Ethernet網路介面達10/100/1000Mbps。 10.無線網路：Wi-Fi 6 AX201。 11.提供電腦包、滑鼠、鋰離子電池一個。 12.具中華民國環保標章認證。,台,"28,222",學生事務處課外活動指導組,H10100,王棋慧, ,葉興資訊有限公司,正常,採字1110000145,校內單位,學生事務處,機械儀器及設備,31110930075,1110930,Dell,Latitude 3520
1110135004,1110930,筆記型電腦,4,1.螢幕：15.6吋彩色LCD，解析度1920*1080。 2.處理器：Intel Mobile Core i7-1165G7 2.8GHz第11代製程，處理器核心數(Cores) 4 個，執行緒8個。 3.記憶體：8GB DDR4。 4.獨立顯示晶片：Nvidia  GeForce MX350 2GB GDDR5。 5.硬碟機：固態硬碟(SSD M.2，Solid State Drive) 512GB。 6.提供USB 介面2個，內建 HD攝影機。 7.作業系統：WIN 11 Pro 64Bit中文專業隨機版合法版權。 8.1個耳機/喇叭/線路輸出，支援內崁式麥克風的耳機。 9.區域網路：提供內建 Ethernet網路介面達10/100/1000Mbps。 10.無線網路：Wi-Fi 6 AX201。 11.提供電腦包、滑鼠、鋰離子電池一個。 12.具中華民國環保標章認證。,台,"28,222",學生事務處課外活動指導組,H10100,王棋慧, ,葉興資訊有限公司,正常,採字1110000145,校內單位,學生事務處,機械儀器及設備,31110930075,1110930,Dell,Latitude 3520
1110136001,1110930,平板電腦,4,一、平板電腦： 1.容量：512GB。 2.顯示器：Liquid Retina XDR顯示器，12.9吋(對角線)mini-LED背光多點觸控顯示器，採用IPS技術2732*2048解析度，每吋264像素(ppi)，最大亮度600尼特，支援Apple Pencil(第二代)。 3.M1晶片，8GB RAM。 4.作業系統：iPad OS 15。 5.含Apple Pencil(第二代)： (1)長度：166公釐(6.53吋) (2)直徑：8.9公釐(0.53吋) (3)重量：20.7公克(0.73盎司) (4)連線：藍牙 6.休眠皮套：適用於 Pad pro12.9吋(第五代)黑色,台,"47,000",學生事務處課外活動指導組,H10100,王棋慧, ,葉興資訊有限公司,正常,採字1110000145,校內單位,學生事務處,機械儀器及設備,31110930075,1110930,APPLE,APPLE 12.9-inch iPad Pro  WiFi 512GB
1110136002,1110930,平板電腦,4,一、平板電腦： 1.容量：512GB。 2.顯示器：Liquid Retina XDR顯示器，12.9吋(對角線)mini-LED背光多點觸控顯示器，採用IPS技術2732*2048解析度，每吋264像素(ppi)，最大亮度600尼特，支援Apple Pencil(第二代)。 3.M1晶片，8GB RAM。 4.作業系統：iPad OS 15。 5.含Apple Pencil(第二代)： (1)長度：166公釐(6.53吋) (2)直徑：8.9公釐(0.53吋) (3)重量：20.7公克(0.73盎司) (4)連線：藍牙 6.休眠皮套：適用於 Pad pro12.9吋(第五代)黑色,台,"47,000",學生事務處課外活動指導組,H10100,王棋慧, ,葉興資訊有限公司,正常,採字1110000145,校內單位,學生事務處,機械儀器及設備,31110930075,1110930,APPLE,APPLE 12.9-inch iPad Pro  WiFi 512GB
1110136003,1110930,平板電腦,4,一、平板電腦： 1.容量：512GB。 2.顯示器：Liquid Retina XDR顯示器，12.9吋(對角線)mini-LED背光多點觸控顯示器，採用IPS技術2732*2048解析度，每吋264像素(ppi)，最大亮度600尼特，支援Apple Pencil(第二代)。 3.M1晶片，8GB RAM。 4.作業系統：iPad OS 15。 5.含Apple Pencil(第二代)： (1)長度：166公釐(6.53吋) (2)直徑：8.9公釐(0.53吋) (3)重量：20.7公克(0.73盎司) (4)連線：藍牙 6.休眠皮套：適用於 Pad pro12.9吋(第五代)黑色,台,"47,000",學生事務處課外活動指導組,H10100,王棋慧, ,葉興資訊有限公司,正常,採字1110000145,校內單位,學生事務處,機械儀器及設備,31110930075,1110930,APPLE,APPLE 12.9-inch iPad Pro  WiFi 512GB
1110136004,1110930,平板電腦,4,一、平板電腦： 1.容量：512GB。 2.顯示器：Liquid Retina XDR顯示器，12.9吋(對角線)mini-LED背光多點觸控顯示器，採用IPS技術2732*2048解析度，每吋264像素(ppi)，最大亮度600尼特，支援Apple Pencil(第二代)。 3.M1晶片，8GB RAM。 4.作業系統：iPad OS 15。 5.含Apple Pencil(第二代)： (1)長度：166公釐(6.53吋) (2)直徑：8.9公釐(0.53吋) (3)重量：20.7公克(0.73盎司) (4)連線：藍牙 6.休眠皮套：適用於 Pad pro12.9吋(第五代)黑色,台,"47,000",學生事務處課外活動指導組,H10100,王棋慧, ,葉興資訊有限公司,正常,採字1110000145,校內單位,學生事務處,機械儀器及設備,31110930075,1110930,APPLE,APPLE 12.9-inch iPad Pro  WiFi 512GB
1110136005,1110930,平板電腦,4,一、平板電腦： 1.容量：512GB。 2.顯示器：Liquid Retina XDR顯示器，12.9吋(對角線)mini-LED背光多點觸控顯示器，採用IPS技術2732*2048解析度，每吋264像素(ppi)，最大亮度600尼特，支援Apple Pencil(第二代)。 3.M1晶片，8GB RAM。 4.作業系統：iPad OS 15。 5.含Apple Pencil(第二代)： (1)長度：166公釐(6.53吋) (2)直徑：8.9公釐(0.53吋) (3)重量：20.7公克(0.73盎司) (4)連線：藍牙 6.休眠皮套：適用於 Pad pro12.9吋(第五代)黑色,台,"47,000",學生事務處課外活動指導組,H10100,王棋慧, ,葉興資訊有限公司,正常,採字1110000145,校內單位,學生事務處,機械儀器及設備,31110930075,1110930,APPLE,APPLE 12.9-inch iPad Pro  WiFi 512GB
1110151000,1110922,雷射投影機,5,"1.畫素：三片TFT LCD裝置6,912,000畫素。 2.亮度：6000流明。 3.光源：雷射。 4.解析度：WUXGA 1920*1200。 5.對比度：600000：1。 6.縱橫比：可選擇16:9或4:3。 7.投影尺寸：最大300吋。 8.安全裝置：過熱自動斷電保護裝置。 9.含15米VGA線材，投影機吊掛架，並整合現有線控裝置設定。",台,"53,000",學生事務處課外活動指導組,H10100,王棋慧, ,利洋國際科技有限公司,正常,採字1110000143,校內單位,學生事務處,機械儀器及設備,31110930081,1110930,NEC,P605UL
1110152001,1110922,單槍投影機,5,1.解析度：標準WUXGA 1280*800，Full HD 1920*1080。  2.輸出亮度：5000ANSI流明。  3.型式：三片TFT LCD。  4.投影畫面：最大300吋。  5.安全裝置：過熱自動斷電保護裝置。  6.無訊號源30分鐘自動斷電。  7.安裝含鐵架：  (1)鐵製吊架表面防銹烤漆處理，電源線、VGA（D-sub 15pin）電腦訊號傳輸線、C-Video影音訊號傳輸線各1條，長度15公尺，及懸掛、固定、佈線作業所需之零配件等。  (2)含線控開關更新安裝。,台,"33,000",學生事務處課外活動指導組,GB10103,王棋慧, ,利洋國際科技有限公司,正常,採字1110000143,校內單位,學生事務處,機械儀器及設備,31110930081,1110930,NEC,P474U
1110152002,1110922,單槍投影機,5,1.解析度：標準WUXGA 1280*800，Full HD 1920*1080。  2.輸出亮度：5000ANSI流明。  3.型式：三片TFT LCD。  4.投影畫面：最大300吋。  5.安全裝置：過熱自動斷電保護裝置。  6.無訊號源30分鐘自動斷電。  7.安裝含鐵架：  (1)鐵製吊架表面防銹烤漆處理，電源線、VGA（D-sub 15pin）電腦訊號傳輸線、C-Video影音訊號傳輸線各1條，長度15公尺，及懸掛、固定、佈線作業所需之零配件等。  (2)含線控開關更新安裝。,台,"33,000",學生事務處課外活動指導組,GB10103,王棋慧, ,利洋國際科技有限公司,正常,採字1110000143,校內單位,學生事務處,機械儀器及設備,31110930081,1110930,NEC,P474U
1110169000,1110921,觸控液晶顯示器,4,1.液晶面板： (1)86吋LED。 (2)解析度3840*2160。 (3)亮度450cd/m2。 (4)對比5000:1。 (5)可視角178°/178°。 (6)觸控： A.反應時間6ms。 B.觸控點數：高精準低Z軸 32點觸控。 C.觸控解析度32768*32768。 D.AG防眩光強化玻璃，厚度4mm，硬度7H。 2.內建16W*2揚聲器。 3.系統版本Android 8.0。 4.背光源：直下式LED。 5.RAM：4GB、ROM：32GB。 6.含移動輪架。,台,"86,400",學生事務處課外活動指導組,H10200,王棋慧, ,利洋國際科技有限公司,正常,採字1110000144,校內單位,學生事務處,機械儀器及設備,31110930056,1110930,AeroTouch,GM86V25AZD
1120021000,1120427,護貝機,5,1.護貝寬度：325mm。  2.140°C以內無段調整。  3.護貝速度：1.5m/分以內。  4.共有6支滾輪，其中4支滾輪內可加熱。  5.護貝厚度：3mm以內。,台,"17,600",學生事務處課外活動指導組,H10100,王棋慧, ,元茂國際企業股份有限公司台中分公司,正常,採字1120000068,校內單位,學生事務處,其他設備,31120428044,1120428,RESUN,325-R6
1120025001,1120511,除濕機,5,1.除濕能力:12公升/日(室溫27°C/相對溼度60%。  2.除濕適用坪數:15坪。  3.除濕溫度設定:40%~70%。  4.除濕定時功能。,臺,"12,600",學生事務處課外活動指導組,O22400,王棋慧, ,皓藝實業有限公司,正常,採字1120000084,校內單位,學生事務處,機械儀器及設備,31120522014,1120522,Panasonic,FY24GX
1120025002,1120511,除濕機,5,1.除濕能力:12公升/日(室溫27°C/相對溼度60%。  2.除濕適用坪數:15坪。  3.除濕溫度設定:40%~70%。  4.除濕定時功能。,臺,"12,600",學生事務處課外活動指導組,H10100,王棋慧, ,皓藝實業有限公司,正常,採字1120000084,校內單位,學生事務處,機械儀器及設備,31120522014,1120522,Panasonic,FY24GX
1120025003,1120511,除濕機,5,1.除濕能力:12公升/日(室溫27°C/相對溼度60%。  2.除濕適用坪數:15坪。  3.除濕溫度設定:40%~70%。  4.除濕定時功能。,臺,"12,600",學生事務處課外活動指導組,H10901,王棋慧, ,皓藝實業有限公司,正常,採字1120000084,校內單位,學生事務處,機械儀器及設備,31120522014,1120522,Panasonic,FY24GX
1120025004,1120511,除濕機,5,1.除濕能力:12公升/日(室溫27°C/相對溼度60%。  2.除濕適用坪數:15坪。  3.除濕溫度設定:40%~70%。  4.除濕定時功能。,臺,"12,600",學生事務處課外活動指導組,K12102,王棋慧, ,皓藝實業有限公司,正常,採字1120000084,校內單位,學生事務處,機械儀器及設備,31120522014,1120522,Panasonic,FY24GX
1120045000,1120615,三角弓,3,1.磅數：25lb。2. 弦長：136 cm。3.弓重：350 g。,把,"11,500",學生事務處課外活動指導組,O12300,王棋慧, ,弓城弓箭館羅予廷,正常,採字1120000118,校內單位,學生事務處,其他設備,31120630084,1120630,弓城弓箭館,訂製品
1120067000,1120731,烤盤架車,5,1.材質：不鏽鋼304。  2.適用烤盤規格：60mm*40mm。  3.18層層架。  4.含四個輪子及剎車。,臺,"11,500",學生事務處課外活動指導組,H11000,王棋慧, ,良鎂實業有限公司,正常,採字1120000175,校內單位,學生事務處,其他設備,31120731537,1120731,良鎂實業有限公司,訂製品
1120075000,1120809,桁架,5,1.材質鋁合金，接板面尺寸238*238mm，具備以下支架： (1)每支長度為直徑3米1/8圓的支架，共16支。 (2)長度1米四角柱狀支架2支。 (3)長度281cm四角柱狀支架2支。 (4)長度254cm四角柱狀支架2支。 (5)長度200cm四角柱狀支架2支。 2.含零件： (1)三角形45°接頭2個。 (2)單片式T型接頭2個。 (3)六面正方體接頭4個。 (4)鐵製底板3片。,組,"199,800",學生事務處課外活動指導組,H10700,王棋慧, ,太陽神國際照明設備有限公司,正常,採字1120000079,校內單位,學生事務處,其他設備,31120815043,1120815,太陽神,訂製品
1120084000,1120824,吉他綜合效果器,5,1.取樣頻率：96 kHz。  2.AD 轉換：32 bits。  3.DA轉換： 32 bits。  4.效果器：145 種。  5.效果音色：250種預設值及250種使用者可新增使用。  6.樂句循環錄音：單聲道38秒、立體聲19秒。  7.顯示幕： LCD，解析度512×160dots。  8.支援開關踏板、表情踏板。,臺,"35,800",學生事務處課外活動指導組,O22400,王棋慧, ,全方位樂器有限公司,正常,採字1120000174,校內單位,學生事務處,其他設備,31120831102,1120831,BOSS,GT-1000
1120085000,1120824,電吉他,5,1.玫瑰木指板。  2.桃花心木琴頸。  3.桃花心木，虎紋楓木貼皮琴身。  4.音量控制旋鈕*2及音色控制旋鈕*2。  5.琴格數為22格。  6.含拾音器、吉他盒、背帶、立式鐵製吉他架。,把,"43,000",學生事務處課外活動指導組,O22400,王棋慧, ,全方位樂器有限公司,正常,採字1120000174,校內單位,學生事務處,其他設備,31120831102,1120831,GIBSON,Les Paul Studio Pro
1120086000,1120824,電貝斯,5,1.琴身材質：赤楊木。  2.琴頸材質：楓木。  3.指板材質：玫瑰木。  4.琴格數為21。  5.控制旋鈕：兩個音量控制旋鈕，一個音色控制旋鈕。  6.含拾音器、貝斯袋、背帶、立式鐵製貝斯架。,把,"28,800",學生事務處課外活動指導組,K12102,王棋慧, ,全方位樂器有限公司,正常,採字1120000174,校內單位,學生事務處,其他設備,31120831102,1120831,YAMAHA,BB714BSLR
1120087001,1120824,主動式喇叭,5,1.輸出功率：動態550W，LF450W，HF100W。  2.頻率響應：55Hz ~20KHz。  3.最大聲壓值：126dB。  4.箱體材料：模壓塑料。  5.輸入端：1*TRS，1*XLR及輸出端：1*XLR。,臺,"17,800",學生事務處課外活動指導組,O22400,王棋慧, ,全方位樂器有限公司,正常,採字1120000174,校內單位,學生事務處,其他設備,31120831102,1120831,BEHRENGER,B215D
1120087002,1120824,主動式喇叭,5,1.輸出功率：動態550W，LF450W，HF100W。  2.頻率響應：55Hz ~20KHz。  3.最大聲壓值：126dB。  4.箱體材料：模壓塑料。  5.輸入端：1*TRS，1*XLR及輸出端：1*XLR。,臺,"17,800",學生事務處課外活動指導組,K12102,王棋慧, ,全方位樂器有限公司,正常,採字1120000174,校內單位,學生事務處,其他設備,31120831102,1120831,BEHRENGER,B215D
1120088000,1120824,綜合效果器,5,1.取樣頻率：48 kHz。 2.AD轉換：24 bits。 3.DA轉換：24 bits。 4.效果器154種。 5.內存記憶：200種使用者可新增使用及100種系統預設。 6.樂句循環：單聲道38秒及立體聲19秒。 7.配備MIDI I/O接孔可透過USB多頻道電腦錄音。,把,"22,500",學生事務處課外活動指導組,O22400,王棋慧, ,全方位樂器有限公司,正常,採字1120000174,校內單位,學生事務處,其他設備,31120831102,1120831,BOSS,GX-100
1120089000,1120824,低音號,5,1.調性：BBb。 2.管徑18mm。 3.喇叭管口徑15吋，黃銅材質，方向朝上。  4.活塞數3缸，上按式。 5.含樂器盒。,把,"82,000",學生事務處課外活動指導組,H30100,王棋慧, ,全方位樂器有限公司,正常,採字1120000174,校內單位,學生事務處,其他設備,31120831102,1120831,JUPITER,JTU730
1120090000,1120824,電吉他音箱體,5,1.阻抗：16ohms。 2.總輸出：120W。 3.喇叭單體： 2×12吋。 4.輸入：2*TS。 5.聲道：單聲道。,台,"29,000",學生事務處課外活動指導組,K12102,王棋慧, ,全方位樂器有限公司,正常,採字1120000208,校內單位,學生事務處,其他設備,31120831102,1120831,ORANGE,PPC-212-OB
1120091000,1120824,長笛,5,1.按鍵形式：開鍵。 2.按鍵系統：曲列式G鍵。 3.E鍵裝置。 4.吹口管及唇墊材質：純銀。 5.管身及尾管材質：鎳銀。 6.按鍵材質：鎳銀。 7.表面處理：鍍銀。 8.含樂器盒。,把,"34,000",學生事務處課外活動指導組,K12101,王棋慧, ,全方位樂器有限公司,正常,採字1120000208,校內單位,學生事務處,其他設備,31120831102,1120831,YAMAHA,YFL372
1120092000,1120824,中音薩克斯風,5,1.調性為Eb。 2.可調節的大拇指座。 3.表面金漆塗裝處理。 4.輔助按鈕：High F#，Front F。 5.含樂器盒。,把,"36,000",學生事務處課外活動指導組,K12101,王棋慧, ,全方位樂器有限公司,正常,採字1120000208,校內單位,學生事務處,其他設備,31120831102,1120831,Yamaha,YAS280
1120093000,1120824,豎笛,5,1.材質：黑檀木。 2.可調式拇指座及藍鋼彈針。 3.17鍵6環鍛造式按鍵。 4.調性：Bb調。 5.含吹嘴、樂器盒。,把,"30,000",學生事務處課外活動指導組,K12101,王棋慧, ,全方位樂器有限公司,正常,採字1120000208,校內單位,學生事務處,其他設備,31120831102,1120831,BUFFET,E12F
1120103001,1120901,行動音響,5,1.放大器：Class D，最大輸出190 W，失真< 1%。 2.靈敏度：89 dB。 3.喇叭系統：1吋高音號角式，8吋中低音紙盆式的雙音路系統。 4.具麥克風收納裝置，並含2支無線麥克風。 5.放音座。 6.藍牙功能。 7.各種輸入音量獨立控制與主音量控制。 8.手提、以伸縮提把及滑輪拖拉。 9.待機時間7小時。 10.具有LED充電指示燈。 11.含符合行動音響重量之腳架。,臺,"27,000",學生事務處課外活動指導組,H10200,王棋慧, ,旗儀資訊有限公司,正常,採字1120000152,校內單位,學生事務處,其他設備,31120921076,1120921,MIPRO,MA709
1120103002,1120901,行動音響,5,1.放大器：Class D，最大輸出190 W，失真< 1%。 2.靈敏度：89 dB。 3.喇叭系統：1吋高音號角式，8吋中低音紙盆式的雙音路系統。 4.具麥克風收納裝置，並含2支無線麥克風。 5.放音座。 6.藍牙功能。 7.各種輸入音量獨立控制與主音量控制。 8.手提、以伸縮提把及滑輪拖拉。 9.待機時間7小時。 10.具有LED充電指示燈。 11.含符合行動音響重量之腳架。,臺,"27,000",學生事務處課外活動指導組,H10200,王棋慧, ,旗儀資訊有限公司,正常,採字1120000152,校內單位,學生事務處,其他設備,31120921076,1120921,MIPRO,MA709
1120103003,1120901,行動音響,5,1.放大器：Class D，最大輸出190 W，失真< 1%。 2.靈敏度：89 dB。 3.喇叭系統：1吋高音號角式，8吋中低音紙盆式的雙音路系統。 4.具麥克風收納裝置，並含2支無線麥克風。 5.放音座。 6.藍牙功能。 7.各種輸入音量獨立控制與主音量控制。 8.手提、以伸縮提把及滑輪拖拉。 9.待機時間7小時。 10.具有LED充電指示燈。 11.含符合行動音響重量之腳架。,臺,"27,000",學生事務處課外活動指導組,O32100,王棋慧, ,旗儀資訊有限公司,正常,採字1120000152,校內單位,學生事務處,其他設備,31120921076,1120921,MIPRO,MA709
1120103004,1120901,行動音響,5,1.放大器：Class D，最大輸出190 W，失真< 1%。 2.靈敏度：89 dB。 3.喇叭系統：1吋高音號角式，8吋中低音紙盆式的雙音路系統。 4.具麥克風收納裝置，並含2支無線麥克風。 5.放音座。 6.藍牙功能。 7.各種輸入音量獨立控制與主音量控制。 8.手提、以伸縮提把及滑輪拖拉。 9.待機時間7小時。 10.具有LED充電指示燈。 11.含符合行動音響重量之腳架。,臺,"27,000",學生事務處課外活動指導組,H10200,王棋慧, ,旗儀資訊有限公司,正常,採字1120000152,校內單位,學生事務處,其他設備,31120921076,1120921,MIPRO,MA709
1120169000,1121016,單眼相機,4,"1.2,420萬像素。  2.APS-C影像感測器。  3.感光度(ISO)範圍100-32000。  4.快門速度：30-1/16000秒，B快門。  5.高速連拍：23fps。  6.自動對焦系統。  7.含18-150mm變焦鏡頭。",臺,"34,770",學生事務處課外活動指導組,H10100,王棋慧, ,雅士照相器材行何念芳,正常,採字1120000128,校內單位,學生事務處,其他設備,31121031069,1121031,canon,EOS R10
1120174000,1121019,相機,5,1.有效畫素2090萬。 2.影像處理器DX。 3.ISO光度可達51200。 4.快門遠度：1/4000秒，B快門。 5.高速連拍：11 fps。 6.動態錄影： 4K：3840× 2160及全高清：1920 x 1080 7.螢幕：3.0吋104萬像素側反式觸控螢幕。 8.自動對焦系統。 9.含定焦28mm鏡頭。,台,"37,500",學生事務處課外活動指導組,H10100,王棋慧, ,雅士照相器材行何念芳,正常,採字1120000275,校內單位,學生事務處,其他設備,31121031033,1121031,NIKON,NIKON ZFC
1120175000,1121019,運動攝影機,5,"1.影片：5.3K60 2.相片：2,300萬像素。 3.具備三個麥克風，風切噪音降低功能。 4.內建固定座。 5.地平線修正功能。 6.擁有1080p即時直播串流功能。 7.具防水功能。 8.含收納盒、曲面自黏式固 9.定座‧USB-C傳輸線、記憶卡(microSDxC256GB)及矽膠繫繩。 10.三向自拍桿一隻",台,"14,900",學生事務處課外活動指導組,H10100,王棋慧, ,雅士照相器材行何念芳,正常,採字1120000277,校內單位,學生事務處,其他設備,31121031056,1121031,GOPRO,GOPRO Hero10
1120398000,1130920,電腦,4,"一、電腦主機 1.處理器：Intel Core i7 第 13 代製程，核心數 16 個。 2.記憶體：16GB DDR5 4800 MT/s。 3.硬碟機：M.2 PCIe 介面固態硬碟 400GB 和 SATA 介面硬碟 900GB。 4.主機板： (1)晶片組：Intel Q670 ，支援 Intel vPro 技術。 (2)顯示卡擴充槽：提供 PCIe x16 插槽一個。 (3)擴充槽：PCI 、 PCIe 、 M.2 插槽合計 4 個，可與前項合 併計算。 (4) I/O 界面：支援 6 個通用序列埠(USB)，至少須有 2 個 USB 3.0 Port。 5.顯示介面：D-Sub(VGA)及 HDMI。 6.作業系統：WIN 11 64Bit 中文專業隨機版合法版權。 7.附音源插孔，內建 DVD 燒錄光碟機，配件：鍵盤、滑鼠。 8.網路介面：具 100/1000Mbps Ethernet 網路介面。 9.電源供應器：180W，符合80Plus。 10.主機內部可安裝全高之 PCIe 介面卡一張。 二、液晶顯示器 1.彩色 23.8 吋 IPS  面板寬螢幕LED 背光模組。 2.液晶反應時間(LCD Response Time)灰階至灰階(Gray to Gray,GTG)標準值(Typ.)5ms。 3.解析度：1920*1080 @60Hz。 4.顯示色彩：16.7M。 5.亮度：典型標準值(Typ.)250 cd/m2 。 6.內建防刮玻璃功能。 7.訊號輸入介面：D-Sub(VGA)及 HDMI。",組,"31,800",學生事務處課外活動指導組,H10100,王棋慧, 課指組_鄭雅純 ,利洋國際科技有限公司,正常,採字1120000570,專案,(D1-100)自主圓夢弘彩人生(學務處)113年度高教深耕計畫,機械儀器及設備,31130930087,1130930,ASUS,M900MDR
1130005001,1130415,碎紙機,5,1.自動進紙量：150張。 2.手動碎紙量：7張。 3.入紙口寬度：220~230mm。 4.碎紙細度：2*10mm。 5.紙桶容量：30公升。 6.可碎CD、信用卡 7.連續碎紙時間：80分。 8.具馬達溫控保護。 9.具滿紙燈。 10.耗能:300瓦。,臺,"12,850",學生事務處課外活動指導組,H10400,王棋慧, ,世慶實業股份有限公司,正常,採字1130000017,校內單位,學生事務處,其他設備,31130430088,1130430,菲力士,A-Q150X
1130005002,1130415,碎紙機,5,1.自動進紙量：150張。 2.手動碎紙量：7張。 3.入紙口寬度：220~230mm。 4.碎紙細度：2*10mm。 5.紙桶容量：30公升。 6.可碎CD、信用卡 7.連續碎紙時間：80分。 8.具馬達溫控保護。 9.具滿紙燈。 10.耗能:300瓦。,臺,"12,850",學生事務處課外活動指導組,H10400,王棋慧, ,世慶實業股份有限公司,正常,採字1130000017,校內單位,學生事務處,其他設備,31130430088,1130430,菲力士,A-Q150X
1130018001,1130614,LED燈棍,5,1.管長度：27公分。 2.管徑：25毫米。 3.重量：115克。 4.解析度：72像素。 5.1:1渲染速度：2380像素/秒。 6.每組2支。 ,組,"31,000",學生事務處課外活動指導組,O32300,王棋慧, ,即將成真表演工作坊,正常,採字1130000019,校內單位,學生事務處,其他設備,31130628069,1130628,lighttoys,Visual Poi V4 MINI
1130018002,1130614,LED燈棍,5,1.管長度：27公分。 2.管徑：25毫米。 3.重量：115克。 4.解析度：72像素。 5.1:1渲染速度：2380像素/秒。 6.每組2支。 ,組,"31,000",學生事務處課外活動指導組,O32300,王棋慧, ,即將成真表演工作坊,正常,採字1130000019,校內單位,學生事務處,其他設備,31130628069,1130628,lighttoys,Visual Poi V4 MINI
1130019001,1130614,LED燈棍,5,1.管長度:45公分。 2.管徑:25毫米。 3.重量:132克。 4.解析度:136像素。 5.每組2支。 6.渲染速度:2380像素/秒。,組,"57,000",學生事務處課外活動指導組,O32300,王棋慧, ,即將成真表演工作坊,正常,採字1130000019,校內單位,學生事務處,其他設備,31130628069,1130628,lighttoys,Visual Poi V4 CLASSIC
1130019002,1130614,LED燈棍,5,1.管長度:45公分。 2.管徑:25毫米。 3.重量:132克。 4.解析度:136像素。 5.每組2支。 6.渲染速度:2380像素/秒。,組,"57,000",學生事務處課外活動指導組,O32300,王棋慧, ,即將成真表演工作坊,正常,採字1130000019,校內單位,學生事務處,其他設備,31130628069,1130628,lighttoys,Visual Poi V4 CLASSIC
1130020001,1130614,LED甩棒,5,1.長度：15公分。 2.直徑：45毫米。 3.重量：161克。 4.亮度：300流明。 5.含繩子。 6.每組2個。,組,"13,000",學生事務處課外活動指導組,O32300,王棋慧, ,即將成真表演工作坊,正常,採字1130000019,校內單位,學生事務處,其他設備,31130628069,1130628,lighttoys,ZEBRA Poi
1130020002,1130614,LED甩棒,5,1.長度：15公分。 2.直徑：45毫米。 3.重量：161克。 4.亮度：300流明。 5.含繩子。 6.每組2個。,組,"13,000",學生事務處課外活動指導組,O32300,王棋慧, ,即將成真表演工作坊,正常,採字1130000019,校內單位,學生事務處,其他設備,31130628069,1130628,lighttoys,ZEBRA Poi
1130021000,1130614,LED燈棍,5,1.管長度：65公分。 2.管徑：25毫米。 3.重量：203克。 4解析度：199像素。 5.亮度：900流明。 7.每組2個。 8.渲染速度：2700 像素/秒。,組,"43,000",學生事務處課外活動指導組,O32300,王棋慧, ,即將成真表演工作坊,正常,採字1130000019,校內單位,學生事務處,其他設備,31130628069,1130628,lighttoys,Visual wand
1130022001,1130614,LED燈扇,5,1.長度：30公分。 2.桿數：5個。 3.重量：345克。 4.環孔尺寸：85毫米。 5.亮度：300流明。 6.每組2個。,組,"16,500",學生事務處課外活動指導組,O32300,王棋慧, ,即將成真表演工作坊,正常,採字1130000019,校內單位,學生事務處,其他設備,31130628069,1130628,Lighttoys,LED Fans
1130022002,1130614,LED燈扇,5,1.長度：30公分。 2.桿數：5個。 3.重量：345克。 4.環孔尺寸：85毫米。 5.亮度：300流明。 6.每組2個。,組,"16,500",學生事務處課外活動指導組,O32300,王棋慧, ,即將成真表演工作坊,正常,採字1130000019,校內單位,學生事務處,其他設備,31130628069,1130628,Lighttoys,LED Fans
1130028000,1130723,廣告牆,10,1.尺寸：長370*寬220公分。 2.支架材質為鋁合金，牆面為布拉網。 3.含LED照明燈具5個。,面,"41,286",學生事務處課外活動指導組,H20101,王棋慧, ,台普國際事業有限公司,正常,採字1130000124,校內單位,學生事務處,其他設備,31130731332,1130731,台普,訂製品
1130086001,1130920,筆記型電腦,3,1.螢幕：15.6吋LED螢幕，解析度1920*1080。 2.處理器：Intel Core i7-1355U，處理器核心數10個。 3.記憶體：16GB DDR4 3200 MT/s。 4.顯示晶片：CPU內建顯示晶片。 5.硬碟機：M.2 PCIe介面固態硬碟512GB。 6.提供USB介面4個，內建HD攝影機。 7.作業系統：WIN 11以上64Bit中文專業隨機版合法版權。 8.內建喇叭及麥克風。 9.區域網路：提供內建或外接Ethernet網路介面達100/1000Mbps 。 10.無線網路：Wi-Fi 6（即 IEEE 802.11ax）。 ,台,"27,500",學生事務處課外活動指導組,H10400,王棋慧, ,利洋國際科技有限公司,正常,採字1130000136,校內單位,學生事務處,機械儀器及設備,31130930091,1130930,ASUS,B1508CV
1130086002,1130920,筆記型電腦,3,1.螢幕：15.6吋LED螢幕，解析度1920*1080。 2.處理器：Intel Core i7-1355U，處理器核心數10個。 3.記憶體：16GB DDR4 3200 MT/s。 4.顯示晶片：CPU內建顯示晶片。 5.硬碟機：M.2 PCIe介面固態硬碟512GB。 6.提供USB介面4個，內建HD攝影機。 7.作業系統：WIN 11以上64Bit中文專業隨機版合法版權。 8.內建喇叭及麥克風。 9.區域網路：提供內建或外接Ethernet網路介面達100/1000Mbps 。 10.無線網路：Wi-Fi 6（即 IEEE 802.11ax）。 11.提供電腦包、滑鼠、鋰離子電池一個。 12.具中華民國環保標章認證。,台,"27,500",學生事務處課外活動指導組,H10400,王棋慧, ,利洋國際科技有限公司,正常,採字1130000136,校內單位,學生事務處,機械儀器及設備,31130930091,1130930,ASUS,B1508CV
1130086003,1130920,筆記型電腦,3,1.螢幕：15.6吋LED螢幕，解析度1920*1080。 2.處理器：Intel Core i7-1355U，處理器核心數10個。 3.記憶體：16GB DDR4 3200 MT/s。 4.顯示晶片：CPU內建顯示晶片。 5.硬碟機：M.2 PCIe介面固態硬碟512GB。 6.提供USB介面4個，內建HD攝影機。 7.作業系統：WIN 11以上64Bit中文專業隨機版合法版權。 8.內建喇叭及麥克風。 9.區域網路：提供內建或外接Ethernet網路介面達100/1000Mbps 。 10.無線網路：Wi-Fi 6（即 IEEE 802.11ax）。 11.提供電腦包、滑鼠、鋰離子電池一個。 12.具中華民國環保標章認證。,台,"27,500",學生事務處課外活動指導組,H10400,王棋慧, ,利洋國際科技有限公司,正常,採字1130000136,校內單位,學生事務處,機械儀器及設備,31130930091,1130930,ASUS,B1508CV
1130086004,1130920,筆記型電腦,3,1.螢幕：15.6吋LED螢幕，解析度1920*1080。 2.處理器：Intel Core i7-1355U，處理器核心數10個。 3.記憶體：16GB DDR4 3200 MT/s。 4.顯示晶片：CPU內建顯示晶片。 5.硬碟機：M.2 PCIe介面固態硬碟512GB。 6.提供USB介面4個，內建HD攝影機。 7.作業系統：WIN 11以上64Bit中文專業隨機版合法版權。 8.內建喇叭及麥克風。 9.區域網路：提供內建或外接Ethernet網路介面達100/1000Mbps 。 10.無線網路：Wi-Fi 6（即 IEEE 802.11ax）。 11.提供電腦包、滑鼠、鋰離子電池一個。 12.具中華民國環保標章認證。,台,"27,500",學生事務處課外活動指導組,H10100,王棋慧, ,利洋國際科技有限公司,正常,採字1130000136,校內單位,學生事務處,機械儀器及設備,31130930091,1130930,ASUS,B1508CV
1130086005,1130920,筆記型電腦,3,1.螢幕：15.6吋LED螢幕，解析度1920*1080。 2.處理器：Intel Core i7-1355U，處理器核心數10個。 3.記憶體：16GB DDR4 3200 MT/s。 4.顯示晶片：CPU內建顯示晶片。 5.硬碟機：M.2 PCIe介面固態硬碟512GB。 6.提供USB介面4個，內建HD攝影機。 7.作業系統：WIN 11以上64Bit中文專業隨機版合法版權。 8.內建喇叭及麥克風。 9.區域網路：提供內建或外接Ethernet網路介面達100/1000Mbps 。 10.無線網路：Wi-Fi 6（即 IEEE 802.11ax）。 11.提供電腦包、滑鼠、鋰離子電池一個。 12.具中華民國環保標章認證。,台,"27,500",學生事務處課外活動指導組,H10400,王棋慧, ,利洋國際科技有限公司,正常,採字1130000136,校內單位,學生事務處,機械儀器及設備,31130930091,1130930,ASUS,B1508CV
1130086006,1130920,筆記型電腦,3,1.螢幕：15.6吋LED螢幕，解析度1920*1080。 2.處理器：Intel Core i7-1355U，處理器核心數10個。 3.記憶體：16GB DDR4 3200 MT/s。 4.顯示晶片：CPU內建顯示晶片。 5.硬碟機：M.2 PCIe介面固態硬碟512GB。 6.提供USB介面4個，內建HD攝影機。 7.作業系統：WIN 11以上64Bit中文專業隨機版合法版權。 8.內建喇叭及麥克風。 9.區域網路：提供內建或外接Ethernet網路介面達100/1000Mbps 。 10.無線網路：Wi-Fi 6（即 IEEE 802.11ax）。 11.提供電腦包、滑鼠、鋰離子電池一個。 12.具中華民國環保標章認證。,台,"27,500",學生事務處課外活動指導組,H10400,王棋慧, ,利洋國際科技有限公司,正常,採字1130000136,校內單位,學生事務處,機械儀器及設備,31130930091,1130930,ASUS,B1508CV
1130086007,1130920,筆記型電腦,3,1.螢幕：15.6吋LED螢幕，解析度1920*1080。 2.處理器：Intel Core i7-1355U，處理器核心數10個。 3.記憶體：16GB DDR4 3200 MT/s。 4.顯示晶片：CPU內建顯示晶片。 5.硬碟機：M.2 PCIe介面固態硬碟512GB。 6.提供USB介面4個，內建HD攝影機。 7.作業系統：WIN 11以上64Bit中文專業隨機版合法版權。 8.內建喇叭及麥克風。 9.區域網路：提供內建或外接Ethernet網路介面達100/1000Mbps 。 10.無線網路：Wi-Fi 6（即 IEEE 802.11ax）。 11.提供電腦包、滑鼠、鋰離子電池一個。 12.具中華民國環保標章認證。,台,"27,500",學生事務處課外活動指導組,H10100,王棋慧, ,利洋國際科技有限公司,正常,採字1130000136,校內單位,學生事務處,機械儀器及設備,31130930091,1130930,ASUS,B1508CV
1130095000,1130926,麥克風,5,1.傳感器類型：動圈。  2.拾音模式：心形。  3.頻率響應：50 Hz~20K Hz。,個,"18,000",學生事務處課外活動指導組,H10502,王棋慧, ,利洋國際科技有限公司,正常,採字1130000181,校內單位,學生事務處,其他設備,31130930093,1130930,SHURE,SM78
1130096000,1130926,無線麥克風,5,1.頻段：UHF 480~934MHz。  2.頻響範圍：50Hz~18kHz。  3.動態範圍：>106dBA。  4.手握麥克風*2。,組,"14,500",學生事務處課外活動指導組,K12103,王棋慧, ,利洋國際科技有限公司,正常,採字1130000181,校內單位,學生事務處,其他設備,31130930093,1130930,MIPRO,ACT-312
1130097001,1130926,行動音響,5,1.放大器：Class D，最大輸出190 W，失真< 1%。 2.靈敏度：89 dB。 3.喇叭系統：1吋高音號角式，8吋中低音紙盆式的雙音路系統。  5.麥克風收納裝置，並含2支無線麥克風。 6.放音座。  7.藍牙功能。  8.各種輸入音量獨立控制與主音量控制。  9.手提、以伸縮提把及滑輪拖拉。  10.待機時間7小時。  11.LED充電指示燈。,臺,"36,000",學生事務處課外活動指導組,H10400,王棋慧, ,利洋國際科技有限公司,正常,採字1130000181,校內單位,學生事務處,其他設備,31130930093,1130930,MIPRO,MA-709
1130097002,1130926,行動音響,5,1.放大器：Class D，最大輸出190 W，失真< 1%。 2.靈敏度：89 dB。 3.喇叭系統：1吋高音號角式，8吋中低音紙盆式的雙音路系統。  5.麥克風收納裝置，並含2支無線麥克風。 6.放音座。  7.藍牙功能。  8.各種輸入音量獨立控制與主音量控制。  9.手提、以伸縮提把及滑輪拖拉。  10.待機時間7小時。  11.LED充電指示燈。,臺,"36,000",學生事務處課外活動指導組,H10400,王棋慧, ,利洋國際科技有限公司,正常,採字1130000181,校內單位,學生事務處,其他設備,31130930093,1130930,MIPRO,MA-709
1130097003,1130926,行動音響,5,1.放大器：Class D，最大輸出190 W，失真< 1%。 2.靈敏度：89 dB。 3.喇叭系統：1吋高音號角式，8吋中低音紙盆式的雙音路系統。  5.麥克風收納裝置，並含2支無線麥克風。 6.放音座。  7.藍牙功能。  8.各種輸入音量獨立控制與主音量控制。  9.手提、以伸縮提把及滑輪拖拉。  10.待機時間7小時。  11.LED充電指示燈。,臺,"36,000",學生事務處課外活動指導組,H10100,王棋慧, ,利洋國際科技有限公司,正常,採字1130000181,校內單位,學生事務處,其他設備,31130930093,1130930,MIPRO,MA-709
1130098001,1130926,無線喊話器,5,1.最大聲壓：101dB。 2.喇叭系統：5吋全音域。 3.頻率範圍：100Hz~16kHz。 4.接收模組：內建1組UHF、ISM頻段。 5.具電量顯示。 6.待機時間：10小時。,臺,"12,500",學生事務處課外活動指導組,H10400,王棋慧, ,利洋國際科技有限公司,正常,採字1130000181,校內單位,學生事務處,其他設備,31130930093,1130930,MIPRO,MA-100
1130098002,1130926,無線喊話器,5,1.最大聲壓：101dB。 2.喇叭系統：5吋全音域。 3.頻率範圍：100Hz~16kHz。 4.接收模組：內建1組UHF、ISM頻段。 5.具電量顯示。 6.待機時間：10小時。,臺,"12,500",學生事務處課外活動指導組,H10100,王棋慧, ,利洋國際科技有限公司,正常,採字1130000181,校內單位,學生事務處,其他設備,31130930093,1130930,MIPRO,MA-100
1130098003,1130926,無線喊話器,5,1.最大聲壓：101dB。 2.喇叭系統：5吋全音域。 3.頻率範圍：100Hz~16kHz。 4.接收模組：內建1組UHF、ISM頻段。 5.具電量顯示。 6.待機時間：10小時。,臺,"12,500",學生事務處課外活動指導組,H10400,王棋慧, ,利洋國際科技有限公司,正常,採字1130000181,校內單位,學生事務處,其他設備,31130930093,1130930,MIPRO,MA-100
1130133000,1131014,數位相機,5,"1.2,020萬像素。 2.1吋CMOS感光元件。 3.感光度(ISO)範圍160-25600。 4.連拍速度：每秒10張。 6.肩帶轉接器、手腕帶、Micro USB纜線、AC變壓器。",台,"15,900",學生事務處課外活動指導組,H10400,王棋慧, ,雅士照相器材行何念芳,正常,採字1130000128,校內單位,學生事務處,機械儀器及設備,31131025060,1131025,SONY,ZV-E10
1130134000,1131014,攝影機,5,1.1/2.5 CMOS感光元件。 2.4K Ultra HD 3840 x 2160錄製，4K縮時錄影。 3.防手震功能 4.智慧自動對焦。,台,"31,000",學生事務處課外活動指導組,H10502,王棋慧, ,雅士照相器材行何念芳,正常,採字1130000128,校內單位,學生事務處,機械儀器及設備,31131025060,1131025,SONY,FDR-AX43A
1130189000,1131108,混音器,5,1.4 AUX Sends，4組音軌群組輸出。 2.內置立體聲USB音頻接口。 3.三段均衡器。,臺,"17,000",學生事務處課外活動指導組,K12102,王棋慧, ,全方位樂器有限公司,正常,採字1130000173,校內單位,學生事務處,其他設備,31131130051,1131130,Behringer,XENYX X2442USB
1130190000,1131108,錄音介面,5,1.取樣率：24bit/ 192kHz。 2.麥克風前級*2。 3.輸入：2*XLR-1/4組合接孔。 4.輸出：2*1/4 TRS雙聲道、2*耳機孔、2*雙RCA立體聲。,臺,"11,800",學生事務處課外活動指導組,H10502,王棋慧, ,全方位樂器有限公司,正常,採字1130000173,校內單位,學生事務處,其他設備,31131130051,1131130,Solid State Logic,SSL2+
1130191000,1131108,貝斯音箱,5,1.額定功率輸出：160W連續功率、300W峰值功率。 2.配備兩個10吋低音喇叭和具開關功能的高頻高音喇叭。 3.四頻段等化器。 4.4種效果器。,個,"25,200",學生事務處課外活動指導組,K12102,王棋慧, ,全方位樂器有限公司,正常,採字1130000173,校內單位,學生事務處,其他設備,31131130051,1131130,BOSS,KATANA-210 BASS
1130192000,1131108,銅鈸組,5,"1.材質：銅合金。 2.含14""腳踏拔、16""碎音鈸、18""碎音鈸、20""定音鈸。",組,"36,600",學生事務處課外活動指導組,K12103,王棋慧, ,全方位樂器有限公司,正常,採字1130000173,校內單位,學生事務處,其他設備,31131130051,1131130,ZILDJIAN,K0800
1130193000,1131108,爵士鼓雙踏,5,1.正軸、偏軸可切換調整。 2.鍊條可調整。 3.浮動式轉軸、浮動式彈簧座。 4.雙面鼓槌。 5.防滑橡膠底板。 6.鋁合金連桿。 7.含三向鼓鎖、專用硬袋。,個,"37,400",學生事務處課外活動指導組,K12103,王棋慧, ,全方位樂器有限公司,正常,採字1130000173,校內單位,學生事務處,其他設備,31131130051,1131130,DW,CP9002
1130194000,1131108,貝斯綜合效果器,5,1.音訊輸入：標準6.3mm輸入孔。  2.具4.3吋觸控螢幕。  3.內建6種效果器、68種節奏。  4.含AC試配器。,臺,"16,000",學生事務處課外活動指導組,K12103,王棋慧, ,全方位樂器有限公司,正常,採字1130000173,校內單位,學生事務處,其他設備,31131130051,1131130,ZOOM,B6
1130195000,1131108,電貝斯,5,1.弦數：4根。 2.琴格數：20個。 3.材質：楓木(琴頸、指板)、椴木(琴身)。 4.控制旋鈕：兩個音量控制旋鈕，一個音色控制旋鈕。 5.含拾音器、貝斯袋、背帶、立式鐵製貝斯架。,把,"39,000",學生事務處課外活動指導組,K12103,王棋慧, ,全方位樂器有限公司,正常,採字1130000173,校內單位,學生事務處,其他設備,31131130051,1131130,FENDER,Japan Traditional 70s
1130198000,1131108,電吉他音箱頭,5,1. 輸出功率:100瓦。 2. 2通道。 3. 前級真空管×4、功率真空管×4。,台,"32,600",學生事務處課外活動指導組,K12102,王棋慧, ,全方位樂器有限公司,正常,採字1130000275,校內單位,學生事務處,其他設備,31131130049,1131130,MARSHALL,DSL100HR
1140013001,1140408,電子鋼琴,5,1.鋼琴、電鋼琴、風琴、弦樂音色。 2.放大器功率輸出：10w*2。 3.琴鍵數：88鍵。 4.琴鍵靈敏度：可調三段。 5.含琴袋。,臺,"18,000",學生事務處課外活動指導組,H11400,王棋慧, ,全方位樂器有限公司,正常,採字1140000024,校內單位,學生事務處,其他設備,31140425063,1140425,Roland,GO:PIANO88
1140013002,1140408,電子鋼琴,5,1.鋼琴、電鋼琴、風琴、弦樂音色。 2.放大器功率輸出：10w*2。 3.琴鍵數：88鍵。 4.琴鍵靈敏度：可調三段。 5.含琴袋。,臺,"18,000",學生事務處課外活動指導組,H11400,王棋慧, ,全方位樂器有限公司,正常,採字1140000024,校內單位,學生事務處,其他設備,31140425063,1140425,Roland,GO:PIANO88
1140014001,1140408,電子防潮箱,7,1.容量：365公升。 2.控濕範圍：25%RH-55%RH。 3.含鋼製活動層板*3。 4.除溼能力：5小時內70%降至40%。,座,"22,900",學生事務處課外活動指導組,O42500,王棋慧, ,防潮家股份有限公司,正常,採字1140000022,校內單位,學生事務處,其他設備,31140425063,1140425,防潮家,D-365C
1140014002,1140408,電子防潮箱,7,1.容量：365公升。 2.控濕範圍：25%RH-55%RH。 3.含鋼製活動層板*3。 4.除溼能力：5小時內70%降至40%。,座,"22,900",學生事務處課外活動指導組,O42500,王棋慧, ,防潮家股份有限公司,正常,採字1140000022,校內單位,學生事務處,其他設備,31140425063,1140425,防潮家,D-365C
1140015000,1140408,碎紙機,5,1.自動進紙量：150張。 2.手動碎紙量：7張。 3.入紙口寬度：225mm。 4.碎紙細度：2*10mm。 5.紙桶容量：30公升。 6.可碎CD、信用卡 7.連續碎紙時間：80分。 8.馬達溫控保護。 9.滿紙燈。,臺,"12,850",學生事務處課外活動指導組,H11500,王棋慧, ,世慶實業股份有限公司,正常,採字1140000019,校內單位,學生事務處,其他設備,31140425063,1140425,飛力士(FILUX),A-Q150X
1140061000,1140716,行動伴唱機,4,1.螢幕尺寸：10.1吋。 2.儲存空間：64GB。 3.含無線麥克風*2。 4.內建合法版權3200首歌曲。 5.可外接螢幕及喇叭。 6.具藍芽功能。,臺,"42,700",學生事務處課外活動指導組,H10100,王棋慧, ,中港佳音樂器有限公司,正常,採字1140000160,校內單位,學生事務處,其他設備,31140731182,1140731,GoldenVoice 金嗓,SuperSong 600
1140105000,1140908,桁架,5,1.支架： (1)四角柱狀。 (2)鋁合金材質，接面尺寸238*238mm，長度2米。 (3)共6支。 2.鐵製底板： (1)尺寸：長60*寬60cm。 (2)共2個。 3.支撐腳： (1)材質：鋁合金。 (2)長度可伸縮190~230cm。 (3)共2支。 4.六角接頭： (1)材質：鋁合金。 (2)接面尺寸：238*238mm。 (3)共2個。,組,"49,400",學生事務處課外活動指導組,H11900,王棋慧, ,永旭企業社,正常,採字1140000166,校內單位,學生事務處,其他設備,31140918035,1140918,尚弘金屬製品有限公司,訂製品
1140137000,1140915,蹬腿訓練機,5,1.主體結構材質：鋼材。 2.具備水壺及毛巾放置架。 3.座椅架可前後調節。 4.配重片總重量175KG,臺,"125,400",學生事務處課外活動指導組,O10100,王棋慧, ,喬山健康科技股份有限公司台中分公司,正常,採字1140000161,校內單位,學生事務處,其他設備,31140930096,1140930,MATRIX,G3-S70
1140138001,1140915,包膠槓片,5,1.公斤數為：1.25 kg、2.5kg、5kg、10 kg、15kg、20kg、25kg，每種重量各2片。 2.外層材質：聚氨酯塗層。,組,"42,900",學生事務處課外活動指導組,O10100,王棋慧, ,喬山健康科技股份有限公司台中分公司,正常,採字1140000161,校內單位,學生事務處,其他設備,31140930096,1140930,ZIVA,DCPU
1140138002,1140915,包膠槓片,5,1.公斤數為：1.25 kg、2.5kg、5kg、10 kg、15kg、20kg、25kg，每種重量各2片。 2.外層材質：聚氨酯塗層。,組,"42,900",學生事務處課外活動指導組,O10100,王棋慧, ,喬山健康科技股份有限公司台中分公司,正常,採字1140000161,校內單位,學生事務處,其他設備,31140930096,1140930,ZIVA,DCPU
1140139000,1140915,可調式輔助訓練椅,5,1.主體結構材質：鋼材。 2.坐墊位置固定為15度。 3.背墊調整角度範圍0到75度，可調節六段。 4.具備2顆輪子。,臺,"16,500",學生事務處課外活動指導組,O10100,王棋慧, ,喬山健康科技股份有限公司台中分公司,正常,採字1140000161,校內單位,學生事務處,其他設備,31140930096,1140930,MATRIX,G1-FW153
1140140000,1140909,背景燈組,5,1.燈具*2。 (1)流明：1800。 (2)色溫5000K。 (3)無段式調光。 2.三腳架*2。 (1)主體材質：金屬膠管。 (2)載重：1公斤。 (3)高度可三段調節，最低80公分，最高180公分。 3.含收納袋。,組,"15,000",學生事務處課外活動指導組,H10502,王棋慧, ,雅士照相器材行何念芳,正常,採字1140000167,校內單位,學生事務處,其他設備,31140930097,1140930,Skier,NUNCHA
1140179001,1140917,無線喊話器,5,1.最大聲壓：101dB。 2.喇叭系統：5吋全音域。 3.頻率範圍：100Hz~16kHz。 4.接收模組：內建1組UHF、ISM頻段。 5.待機時間：10小時。 6.具電量顯示。,臺,"12,000",學生事務處課外活動指導組,H10100,王棋慧, ,掄元科技有限公司,正常,採字1140000121,校內單位,學生事務處,其他設備,31140930124,1140930,MIPRO,MA-100
1140179002,1140917,無線喊話器,5,1.最大聲壓：101dB。 2.喇叭系統：5吋全音域。 3.頻率範圍：100Hz~16kHz。 4.接收模組：內建1組UHF、ISM頻段。 5.待機時間：10小時。 6.具電量顯示。,臺,"12,000",學生事務處課外活動指導組,H10100,王棋慧, ,掄元科技有限公司,正常,採字1140000121,校內單位,學生事務處,其他設備,31140930124,1140930,MIPRO,MA-100
1140179003,1140917,無線喊話器,5,1.最大聲壓：101dB。 2.喇叭系統：5吋全音域。 3.頻率範圍：100Hz~16kHz。 4.接收模組：內建1組UHF、ISM頻段。 5.待機時間：10小時。 6.具電量顯示。,臺,"12,000",學生事務處課外活動指導組,H10100,王棋慧, ,掄元科技有限公司,正常,採字1140000121,校內單位,學生事務處,其他設備,31140930124,1140930,MIPRO,MA-100
1140180001,1140917,行動音響,5,1.放大器：Class D 2.最大輸出190 W。 3.失真< 1%。 4.靈敏度：89 dB。 5.具麥克風收納裝置，並含2支無線麥克風。 6.放音座。 7.藍牙功能。 8.各種輸入音量獨立控制與主音量控制。 9.手提、以伸縮提把及滑輪拖拉。 10.待機時間7小時。,臺,"32,662",學生事務處課外活動指導組,H10200,王棋慧, ,掄元科技有限公司,正常,採字1140000121,校內單位,學生事務處,其他設備,31140930124,1140930,MIPRO,MA-709
1140180002,1140917,行動音響,5,1.放大器：Class D 2.最大輸出190 W。 3.失真< 1%。 4.靈敏度：89 dB。 5.具麥克風收納裝置，並含2支無線麥克風。 6.放音座。 7.藍牙功能。 8.各種輸入音量獨立控制與主音量控制。 9.手提、以伸縮提把及滑輪拖拉。 10.待機時間7小時。,臺,"32,662",學生事務處課外活動指導組,H10100,王棋慧, ,掄元科技有限公司,正常,採字1140000121,校內單位,學生事務處,其他設備,31140930124,1140930,MIPRO,MA-709
1140180003,1140917,行動音響,5,1.放大器：Class D 2.最大輸出190 W。 3.失真< 1%。 4.靈敏度：89 dB。 5.具麥克風收納裝置，並含2支無線麥克風。 6.放音座。 7.藍牙功能。 8.各種輸入音量獨立控制與主音量控制。 9.手提、以伸縮提把及滑輪拖拉。 10.待機時間7小時。,臺,"32,662",學生事務處課外活動指導組,H10200,王棋慧, ,掄元科技有限公司,正常,採字1140000121,校內單位,學生事務處,其他設備,31140930124,1140930,MIPRO,MA-709
1140180004,1140917,行動音響,5,1.放大器：Class D 2.最大輸出190 W。 3.失真< 1%。 4.靈敏度：89 dB。 5.具麥克風收納裝置，並含2支無線麥克風。 6.放音座。 7.藍牙功能。 8.各種輸入音量獨立控制與主音量控制。 9.手提、以伸縮提把及滑輪拖拉。 10.待機時間7小時。,臺,"32,662",學生事務處課外活動指導組,H10200,王棋慧, ,掄元科技有限公司,正常,採字1140000121,校內單位,學生事務處,其他設備,31140930124,1140930,MIPRO,MA-709
1140180005,1140917,行動音響,5,1.放大器：Class D 2.最大輸出190 W。 3.失真< 1%。 4.靈敏度：89 dB。 5.具麥克風收納裝置，並含2支無線麥克風。 6.放音座。 7.藍牙功能。 8.各種輸入音量獨立控制與主音量控制。 9.手提、以伸縮提把及滑輪拖拉。 10.待機時間7小時。,臺,"32,662",學生事務處課外活動指導組,H10200,王棋慧, ,掄元科技有限公司,正常,採字1140000121,校內單位,學生事務處,其他設備,31140930124,1140930,MIPRO,MA-709
1140180006,1140917,行動音響,5,1.放大器：Class D 2.最大輸出190 W。 3.失真< 1%。 4.靈敏度：89 dB。 5.具麥克風收納裝置，並含2支無線麥克風。 6.放音座。 7.藍牙功能。 8.各種輸入音量獨立控制與主音量控制。 9.手提、以伸縮提把及滑輪拖拉。 10.待機時間7小時。,臺,"32,662",學生事務處課外活動指導組,H10200,王棋慧, ,掄元科技有限公司,正常,採字1140000121,校內單位,學生事務處,其他設備,31140930124,1140930,MIPRO,MA-709
1140180007,1140917,行動音響,5,1.放大器：Class D 2.最大輸出190 W。 3.失真< 1%。 4.靈敏度：89 dB。 5.具麥克風收納裝置，並含2支無線麥克風。 6.放音座。 7.藍牙功能。 8.各種輸入音量獨立控制與主音量控制。 9.手提、以伸縮提把及滑輪拖拉。 10.待機時間7小時。,臺,"32,662",學生事務處課外活動指導組,H10200,王棋慧, ,掄元科技有限公司,正常,採字1140000121,校內單位,學生事務處,其他設備,31140930124,1140930,MIPRO,MA-709
1140180008,1140917,行動音響,5,1.放大器：Class D 2.最大輸出190 W。 3.失真< 1%。 4.靈敏度：89 dB。 5.具麥克風收納裝置，並含2支無線麥克風。 6.放音座。 7.藍牙功能。 8.各種輸入音量獨立控制與主音量控制。 9.手提、以伸縮提把及滑輪拖拉。 10.待機時間7小時。,臺,"32,662",學生事務處課外活動指導組,H10200,王棋慧, ,掄元科技有限公司,正常,採字1140000121,校內單位,學生事務處,其他設備,31140930124,1140930,MIPRO,MA-709
1140180009,1140917,行動音響,5,1.放大器：Class D 2.最大輸出190 W。 3.失真< 1%。 4.靈敏度：89 dB。 5.具麥克風收納裝置，並含2支無線麥克風。 6.放音座。 7.藍牙功能。 8.各種輸入音量獨立控制與主音量控制。 9.手提、以伸縮提把及滑輪拖拉。 10.待機時間7小時。,臺,"32,662",學生事務處課外活動指導組,H10200,王棋慧, ,掄元科技有限公司,正常,採字1140000121,校內單位,學生事務處,其他設備,31140930124,1140930,MIPRO,MA-709
1140180010,1140917,行動音響,5,1.放大器：Class D 2.最大輸出190 W。 3.失真< 1%。 4.靈敏度：89 dB。 5.具麥克風收納裝置，並含2支無線麥克風。 6.放音座。 7.藍牙功能。 8.各種輸入音量獨立控制與主音量控制。 9.手提、以伸縮提把及滑輪拖拉。 10.待機時間7小時。,臺,"32,662",學生事務處課外活動指導組,H10200,王棋慧, ,掄元科技有限公司,正常,採字1140000121,校內單位,學生事務處,其他設備,31140930124,1140930,MIPRO,MA-709
1140180011,1140917,行動音響,5,1.放大器：Class D 2.最大輸出190 W。 3.失真< 1%。 4.靈敏度：89 dB。 5.具麥克風收納裝置，並含2支無線麥克風。 6.放音座。 7.藍牙功能。 8.各種輸入音量獨立控制與主音量控制。 9.手提、以伸縮提把及滑輪拖拉。 10.待機時間7小時。,臺,"32,662",學生事務處課外活動指導組,H10200,王棋慧, ,掄元科技有限公司,正常,採字1140000121,校內單位,學生事務處,其他設備,31140930124,1140930,MIPRO,MA-709
1140180012,1140917,行動音響,5,1.放大器：Class D 2.最大輸出190 W。 3.失真< 1%。 4.靈敏度：89 dB。 5.具麥克風收納裝置，並含2支無線麥克風。 6.放音座。 7.藍牙功能。 8.各種輸入音量獨立控制與主音量控制。 9.手提、以伸縮提把及滑輪拖拉。 10.待機時間7小時。,臺,"32,662",學生事務處課外活動指導組,H10200,王棋慧, ,掄元科技有限公司,正常,採字1140000121,校內單位,學生事務處,其他設備,31140930124,1140930,MIPRO,MA-709
1140181001,1140917,電子看板,5,1.解析度：3840*2160。 2.亮度：450cd/m2。 3.螢幕尺寸：65吋。 4.儲存容量：內建8GB。 5.作業系統：Android 13。 6.介面：USB2.0*2。 7.含輪子*4，煞車。,臺,"44,668",學生事務處課外活動指導組,H10100,王棋慧, ,掄元科技有限公司,正常,採字1140000121,校內單位,學生事務處,其他設備,31140930124,1140930,FarBar,FS005
1140181002,1140917,電子看板,5,1.解析度：3840*2160。 2.亮度：450cd/m2。 3.螢幕尺寸：65吋。 4.儲存容量：內建8GB。 5.作業系統：Android 13。 6.介面：USB2.0*2。 7.含輪子*4，煞車。,臺,"44,668",學生事務處課外活動指導組,H10200,王棋慧, ,掄元科技有限公司,正常,採字1140000121,校內單位,學生事務處,其他設備,31140930124,1140930,FarBar,FS005
1140189000,1140924,微型雷射投影機,5,1.亮度：2000流明。 2.投影尺寸：40~180吋。 3.光源：雷射。 4.輸入介面：HDMI、USB Type C、USB 2.0。 5.支援解析度：4K UHD 3840 x 2160。 6.投影距離：1.06m-4.78m。,臺,"29,900",學生事務處課外活動指導組,H10100,王棋慧, ,利洋國際科技有限公司,正常,採字1140000128,校內單位,學生事務處,機械儀器及設備,31140930109,1140930,ViewSonic,M10
